,Date,Event_ID,Duration,Volume,WaterClassify,EventFlowRate,meterNumber,gw,CustomerId,Month
0,2023-06-01 00:08:33,0,0,0.265625,LowCon,0,19240566,b827eb5e5925,10849,['2023-06']
1,2023-06-01 03:24:03,1,0,1.8515625,LowCon,0,19240566,b827eb5e5925,10849,['2023-06']
2,2023-06-01 08:04:32,2,0,0.265625,LowCon,0,19240566,b827eb5e5925,10849,['2023-06']
3,2023-06-01 08:10:41,3,0,0,LowCon,0,19240566,b827eb5e5925,10849,['2023-06']
4,2023-06-01 08:23:09,4,0,0,LowCon,0,19240566,b827eb5e5925,10849,['2023-06']
5,2023-06-01 08:29:53,5,0,0,LowCon,0,19240566,b827eb5e5925,10849,['2023-06']
6,2023-06-01 08:56:13,6,0,0,LowCon,0,19240566,b827eb5e5925,10849,['2023-06']
7,2023-06-01 09:09:58,7,0,0,LowCon,0,19240566,b827eb5e5925,10849,['2023-06']
8,2023-06-01 09:34:20,8,0,0,LowCon,0,19240566,b827eb5e5925,10849,['2023-06']
9,2023-06-01 09:41:47,9,0,0.265625,LowCon,0,19240566,b827eb5e5925,10849,['2023-06']
10,2023-06-01 10:32:56,10,0,0,LowCon,0,19240566,b827eb5e5925,10849,['2023-06']
11,2023-06-01 11:59:23,11,0,0,LowCon,0,19240566,b827eb5e5925,10849,['2023-06']
12,2023-06-01 12:15:06,12,0,0,LowCon,0,19240566,b827eb5e5925,10849,['2023-06']
13,2023-06-01 12:46:16,13,0,0,LowCon,0,19240566,b827eb5e5925,10849,['2023-06']
14,2023-06-01 12:51:48,14,0,0,LowCon,0,19240566,b827eb5e5925,10849,['2023-06']
15,2023-06-01 14:48:19,15,0,0,LowCon,0,19240566,b827eb5e5925,10849,['2023-06']
16,2023-06-01 15:56:03,16,0,0,LowCon,0,19240566,b827eb5e5925,10849,['2023-06']
17,2023-06-01 16:02:51,17,0,0.2578125,LowCon,0,19240566,b827eb5e5925,10849,['2023-06']
18,2023-06-01 16:31:58,18,0,0,LowCon,0,19240566,b827eb5e5925,10849,['2023-06']
19,2023-06-01 18:15:10,19,0,0,LowCon,0,19240566,b827eb5e5925,10849,['2023-06']
20,2023-06-01 18:41:35,20,0,0,LowCon,0,19240566,b827eb5e5925,10849,['2023-06']
21,2023-06-01 19:32:37,21,0,0,LowCon,0,19240566,b827eb5e5925,10849,['2023-06']
22,2023-06-01 19:49:34,22,0,0,LowCon,0,19240566,b827eb5e5925,10849,['2023-06']
23,2023-06-01 19:56:22,23,0,0,LowCon,0,19240566,b827eb5e5925,10849,['2023-06']
24,2023-06-01 20:02:19,24,0,0,LowCon,0,19240566,b827eb5e5925,10849,['2023-06']
25,2023-06-01 20:50:37,25,0,0,LowCon,0,19240566,b827eb5e5925,10849,['2023-06']
26,2023-06-01 21:06:01,26,0,0.265625,LowCon,0,19240566,b827eb5e5925,10849,['2023-06']
27,2023-06-01 22:52:00,27,0,0,LowCon,0,19240566,b827eb5e5925,10849,['2023-06']
28,2023-06-01 23:04:01,28,0,0,LowCon,0,19240566,b827eb5e5925,10849,['2023-06']
29,2023-06-02 00:18:15,29,0,0,LowCon,0,19240566,b827eb5e5925,10849,['2023-06']
30,2023-06-02 00:41:41,30,0,0.265625,LowCon,0,19240566,b827eb5e5925,10849,['2023-06']
31,2023-06-02 03:48:12,31,0,0,LowCon,0,19240566,b827eb5e5925,10849,['2023-06']
32,2023-06-02 04:25:36,32,0.193050198,0.7890625,LowCon,4.087343637,19240566,b827eb5e5925,10849,['2023-06']
33,2023-06-02 07:27:18,33,0,0,LowCon,0,19240566,b827eb5e5925,10849,['2023-06']
34,2023-06-02 08:01:31,34,0,0,LowCon,0,19240566,b827eb5e5925,10849,['2023-06']
35,2023-06-02 08:08:02,35,0,0,LowCon,0,19240566,b827eb5e5925,10849,['2023-06']
36,2023-06-02 08:31:35,36,0,0,LowCon,0,19240566,b827eb5e5925,10849,['2023-06']
37,2023-06-02 08:39:24,37,0,0,LowCon,0,19240566,b827eb5e5925,10849,['2023-06']
38,2023-06-02 08:47:18,38,0,0,LowCon,0,19240566,b827eb5e5925,10849,['2023-06']
39,2023-06-02 09:18:04,39,0,0,LowCon,0,19240566,b827eb5e5925,10849,['2023-06']
40,2023-06-02 09:28:55,40,0,0,LowCon,0,19240566,b827eb5e5925,10849,['2023-06']
41,2023-06-02 09:45:35,41,0,0,LowCon,0,19240566,b827eb5e5925,10849,['2023-06']
42,2023-06-02 10:48:45,42,0,0,LowCon,0,19240566,b827eb5e5925,10849,['2023-06']
43,2023-06-02 11:10:46,43,0,0,LowCon,0,19240566,b827eb5e5925,10849,['2023-06']
44,2023-06-02 11:44:23,44,5.585943164,0.265625,LowCon,0.047552399,19240566,b827eb5e5925,10849,['2023-06']
45,2023-06-02 11:49:01,45,0,0,LowCon,0,19240566,b827eb5e5925,10849,['2023-06']
46,2023-06-02 12:43:01,46,0,0,LowCon,0,19240566,b827eb5e5925,10849,['2023-06']
47,2023-06-02 13:32:37,47,0,0,LowCon,0,19240566,b827eb5e5925,10849,['2023-06']
48,2023-06-02 13:40:53,48,0,0,LowCon,0,19240566,b827eb5e5925,10849,['2023-06']
49,2023-06-02 13:54:25,49,0,0,LowCon,0,19240566,b827eb5e5925,10849,['2023-06']
50,2023-06-02 14:01:36,50,0,0,LowCon,0,19240566,b827eb5e5925,10849,['2023-06']
51,2023-06-02 14:25:23,51,0,0,LowCon,0,19240566,b827eb5e5925,10849,['2023-06']
52,2023-06-02 14:31:51,52,0,0,LowCon,0,19240566,b827eb5e5925,10849,['2023-06']
53,2023-06-02 14:44:28,53,0,0,LowCon,0,19240566,b827eb5e5925,10849,['2023-06']
54,2023-06-02 14:54:14,54,0,0.265625,LowCon,0,19240566,b827eb5e5925,10849,['2023-06']
55,2023-06-02 15:10:16,55,0,0,LowCon,0,19240566,b827eb5e5925,10849,['2023-06']
56,2023-06-02 15:26:49,56,0,0,LowCon,0,19240566,b827eb5e5925,10849,['2023-06']
57,2023-06-02 15:39:54,57,0,0,LowCon,0,19240566,b827eb5e5925,10849,['2023-06']
58,2023-06-02 16:13:40,58,0,0,LowCon,0,19240566,b827eb5e5925,10849,['2023-06']
59,2023-06-02 17:04:46,59,0,0.265625,LowCon,0,19240566,b827eb5e5925,10849,['2023-06']
60,2023-06-02 17:48:11,60,0,0,LowCon,0,19240566,b827eb5e5925,10849,['2023-06']
61,2023-06-02 18:50:49,61,0,0,LowCon,0,19240566,b827eb5e5925,10849,['2023-06']
62,2023-06-02 20:38:19,62,0,0,LowCon,0,19240566,b827eb5e5925,10849,['2023-06']
63,2023-06-02 21:03:11,63,0,0,LowCon,0,19240566,b827eb5e5925,10849,['2023-06']
64,2023-06-02 22:30:52,64,0,0.265625,LowCon,0,19240566,b827eb5e5925,10849,['2023-06']
65,2023-06-02 22:55:44,65,0,0,LowCon,0,19240566,b827eb5e5925,10849,['2023-06']
66,2023-06-03 02:29:59,66,0,0,LowCon,0,19240566,b827eb5e5925,10849,['2023-06']
67,2023-06-03 03:40:01,67,0,0.265625,LowCon,0,19240566,b827eb5e5925,10849,['2023-06']
68,2023-06-03 07:18:42,68,0,0,LowCon,0,19240566,b827eb5e5925,10849,['2023-06']
69,2023-06-03 07:59:24,69,0,0,LowCon,0,19240566,b827eb5e5925,10849,['2023-06']
70,2023-06-03 08:29:51,70,0,0,LowCon,0,19240566,b827eb5e5925,10849,['2023-06']
71,2023-06-03 08:38:25,71,0,0,LowCon,0,19240566,b827eb5e5925,10849,['2023-06']
72,2023-06-03 09:08:25,72,0,0,LowCon,0,19240566,b827eb5e5925,10849,['2023-06']
73,2023-06-03 09:14:06,73,0,0,LowCon,0,19240566,b827eb5e5925,10849,['2023-06']
74,2023-06-03 09:38:27,74,0,0,LowCon,0,19240566,b827eb5e5925,10849,['2023-06']
75,2023-06-03 09:52:37,75,0,0,LowCon,0,19240566,b827eb5e5925,10849,['2023-06']
76,2023-06-03 10:38:29,76,0,0,LowCon,0,19240566,b827eb5e5925,10849,['2023-06']
77,2023-06-03 10:44:38,77,0,0,LowCon,0,19240566,b827eb5e5925,10849,['2023-06']
78,2023-06-03 11:14:47,78,0,0.2578125,LowCon,0,19240566,b827eb5e5925,10849,['2023-06']
79,2023-06-03 12:01:12,79,0,0,LowCon,0,19240566,b827eb5e5925,10849,['2023-06']
80,2023-06-03 12:52:12,80,0,0,LowCon,0,19240566,b827eb5e5925,10849,['2023-06']
81,2023-06-03 13:15:18,81,0,0,LowCon,0,19240566,b827eb5e5925,10849,['2023-06']
82,2023-06-03 14:01:01,82,0,0,LowCon,0,19240566,b827eb5e5925,10849,['2023-06']
83,2023-06-03 14:51:49,83,0,0,LowCon,0,19240566,b827eb5e5925,10849,['2023-06']
84,2023-06-03 17:29:49,84,0,0,LowCon,0,19240566,b827eb5e5925,10849,['2023-06']
85,2023-06-03 18:00:09,85,7.09743368,0.265625,LowCon,0.037425499,19240566,b827eb5e5925,10849,['2023-06']
86,2023-06-03 18:03:37,86,0,0,LowCon,0,19240566,b827eb5e5925,10849,['2023-06']
87,2023-06-03 19:13:27,87,0,0,LowCon,0,19240566,b827eb5e5925,10849,['2023-06']
88,2023-06-03 19:27:46,88,0,0,LowCon,0,19240566,b827eb5e5925,10849,['2023-06']
89,2023-06-03 19:41:36,89,0,0,LowCon,0,19240566,b827eb5e5925,10849,['2023-06']
90,2023-06-03 19:53:38,90,0,0,LowCon,0,19240566,b827eb5e5925,10849,['2023-06']
91,2023-06-03 20:37:03,91,0,0,LowCon,0,19240566,b827eb5e5925,10849,['2023-06']
92,2023-06-03 20:45:58,92,0,0.265625,LowCon,0,19240566,b827eb5e5925,10849,['2023-06']
93,2023-06-03 21:33:57,93,0,0,LowCon,0,19240566,b827eb5e5925,10849,['2023-06']
94,2023-06-03 21:44:33,94,0,0.53125,LowCon,0,19240566,b827eb5e5925,10849,['2023-06']
95,2023-06-03 21:59:32,95,0,0,LowCon,0,19240566,b827eb5e5925,10849,['2023-06']
96,2023-06-03 22:03:07,96,0,0.2578125,LowCon,0,19240566,b827eb5e5925,10849,['2023-06']
97,2023-06-03 23:43:12,97,0,0,LowCon,0,19240566,b827eb5e5925,10849,['2023-06']
98,2023-06-04 03:13:56,98,0,0,LowCon,0,19240566,b827eb5e5925,10849,['2023-06']
99,2023-06-04 04:23:43,99,0,0,LowCon,0,19240566,b827eb5e5925,10849,['2023-06']
100,2023-06-04 04:30:36,100,0,0,LowCon,0,19240566,b827eb5e5925,10849,['2023-06']
101,2023-06-04 05:02:02,101,0,0.265625,LowCon,0,19240566,b827eb5e5925,10849,['2023-06']
102,2023-06-04 05:39:18,102,0,0,LowCon,0,19240566,b827eb5e5925,10849,['2023-06']
103,2023-06-04 05:54:14,103,0,0,LowCon,0,19240566,b827eb5e5925,10849,['2023-06']
104,2023-06-04 06:20:03,104,0,0,LowCon,0,19240566,b827eb5e5925,10849,['2023-06']
105,2023-06-04 07:01:06,105,0,0.265625,LowCon,0,19240566,b827eb5e5925,10849,['2023-06']
106,2023-06-04 09:06:14,106,0,0,LowCon,0,19240566,b827eb5e5925,10849,['2023-06']
107,2023-06-04 09:15:45,107,0,0,LowCon,0,19240566,b827eb5e5925,10849,['2023-06']
108,2023-06-04 09:29:33,108,0,0,LowCon,0,19240566,b827eb5e5925,10849,['2023-06']
109,2023-06-04 14:43:53,109,0,0,LowCon,0,19240566,b827eb5e5925,10849,['2023-06']
110,2023-06-04 14:52:12,110,0,0,LowCon,0,19240566,b827eb5e5925,10849,['2023-06']
111,2023-06-04 15:00:44,111,0,0.265625,LowCon,0,19240566,b827eb5e5925,10849,['2023-06']
112,2023-06-04 15:09:37,112,0,0,LowCon,0,19240566,b827eb5e5925,10849,['2023-06']
113,2023-06-04 17:32:26,113,0,0,LowCon,0,19240566,b827eb5e5925,10849,['2023-06']
114,2023-06-04 19:03:24,114,0,0,LowCon,0,19240566,b827eb5e5925,10849,['2023-06']
115,2023-06-04 20:11:47,115,0,0,LowCon,0,19240566,b827eb5e5925,10849,['2023-06']
116,2023-06-04 22:13:21,116,0,0,LowCon,0,19240566,b827eb5e5925,10849,['2023-06']
117,2023-06-04 22:21:58,117,0,0.265625,LowCon,0,19240566,b827eb5e5925,10849,['2023-06']
118,2023-06-04 23:09:29,118,0,0,LowCon,0,19240566,b827eb5e5925,10849,['2023-06']
119,2023-06-04 23:49:41,119,0,0,LowCon,0,19240566,b827eb5e5925,10849,['2023-06']
120,2023-06-05 00:18:57,120,0,0,LowCon,0,19240566,b827eb5e5925,10849,['2023-06']
121,2023-06-05 03:43:58,121,0,0,LowCon,0,19240566,b827eb5e5925,10849,['2023-06']
122,2023-06-05 05:50:27,122,0,0.2578125,LowCon,0,19240566,b827eb5e5925,10849,['2023-06']
123,2023-06-05 07:00:02,123,0,0,LowCon,0,19240566,b827eb5e5925,10849,['2023-06']
124,2023-06-05 08:51:10,124,0,0,LowCon,0,19240566,b827eb5e5925,10849,['2023-06']
125,2023-06-05 09:07:26,125,0,0,LowCon,0,19240566,b827eb5e5925,10849,['2023-06']
126,2023-06-05 09:45:27,126,0,0,LowCon,0,19240566,b827eb5e5925,10849,['2023-06']
127,2023-06-05 09:51:43,127,0,0,LowCon,0,19240566,b827eb5e5925,10849,['2023-06']
128,2023-06-05 10:24:18,128,0,0,LowCon,0,19240566,b827eb5e5925,10849,['2023-06']
129,2023-06-05 10:32:27,129,0,0,LowCon,0,19240566,b827eb5e5925,10849,['2023-06']
130,2023-06-05 10:57:12,130,0,0,LowCon,0,19240566,b827eb5e5925,10849,['2023-06']
131,2023-06-05 12:12:20,131,0,0,LowCon,0,19240566,b827eb5e5925,10849,['2023-06']
132,2023-06-05 12:25:23,132,0,0.265625,LowCon,0,19240566,b827eb5e5925,10849,['2023-06']
133,2023-06-05 13:04:51,133,0,0,LowCon,0,19240566,b827eb5e5925,10849,['2023-06']
134,2023-06-05 13:08:57,134,0,0,LowCon,0,19240566,b827eb5e5925,10849,['2023-06']
135,2023-06-05 13:20:06,135,0,0,LowCon,0,19240566,b827eb5e5925,10849,['2023-06']
136,2023-06-05 15:23:16,136,0,0,LowCon,0,19240566,b827eb5e5925,10849,['2023-06']
137,2023-06-05 16:07:33,137,0,0.265625,LowCon,0,19240566,b827eb5e5925,10849,['2023-06']
138,2023-06-05 18:32:01,138,0,0,LowCon,0,19240566,b827eb5e5925,10849,['2023-06']
139,2023-06-05 18:43:10,139,0,0,LowCon,0,19240566,b827eb5e5925,10849,['2023-06']
140,2023-06-05 21:32:29,140,0,0,LowCon,0,19240566,b827eb5e5925,10849,['2023-06']
141,2023-06-05 22:08:11,141,0,0,LowCon,0,19240566,b827eb5e5925,10849,['2023-06']
142,2023-06-05 22:16:09,142,0,0.265625,LowCon,0,19240566,b827eb5e5925,10849,['2023-06']
143,2023-06-05 22:24:01,143,0,0,LowCon,0,19240566,b827eb5e5925,10849,['2023-06']
144,2023-06-05 22:31:23,144,0,0,LowCon,0,19240566,b827eb5e5925,10849,['2023-06']
145,2023-06-05 22:47:21,145,0,0,LowCon,0,19240566,b827eb5e5925,10849,['2023-06']
146,2023-06-05 23:11:53,146,0,0,LowCon,0,19240566,b827eb5e5925,10849,['2023-06']
147,2023-06-05 23:18:22,147,0,0,LowCon,0,19240566,b827eb5e5925,10849,['2023-06']
148,2023-06-05 23:41:32,148,0,0,LowCon,0,19240566,b827eb5e5925,10849,['2023-06']
149,2023-06-05 23:51:39,149,0,0,LowCon,0,19240566,b827eb5e5925,10849,['2023-06']
150,2023-06-06 00:20:58,150,0,0,LowCon,0,19240566,b827eb5e5925,10849,['2023-06']
151,2023-06-06 00:45:26,151,0,0,LowCon,0,19240566,b827eb5e5925,10849,['2023-06']
152,2023-06-06 02:39:13,152,0,0,LowCon,0,19240566,b827eb5e5925,10849,['2023-06']
153,2023-06-06 02:44:45,153,0,0.265625,LowCon,0,19240566,b827eb5e5925,10849,['2023-06']
154,2023-06-06 06:10:54,154,0,0,LowCon,0,19240566,b827eb5e5925,10849,['2023-06']
155,2023-06-06 10:14:15,155,0,0,LowCon,0,19240566,b827eb5e5925,10849,['2023-06']
156,2023-06-06 10:19:24,156,0,0.265625,LowCon,0,19240566,b827eb5e5925,10849,['2023-06']
157,2023-06-06 11:46:42,157,0,0,LowCon,0,19240566,b827eb5e5925,10849,['2023-06']
158,2023-06-06 12:48:32,158,0,0,LowCon,0,19240566,b827eb5e5925,10849,['2023-06']
159,2023-06-06 13:31:52,159,0,0,LowCon,0,19240566,b827eb5e5925,10849,['2023-06']
160,2023-06-06 16:14:04,160,0,0,LowCon,0,19240566,b827eb5e5925,10849,['2023-06']
161,2023-06-06 16:56:30,161,0,0,LowCon,0,19240566,b827eb5e5925,10849,['2023-06']
162,2023-06-06 18:32:07,162,0,0,LowCon,0,19240566,b827eb5e5925,10849,['2023-06']
163,2023-06-06 18:39:01,163,0,0.2578125,LowCon,0,19240566,b827eb5e5925,10849,['2023-06']
164,2023-06-06 18:50:57,164,0,0,LowCon,0,19240566,b827eb5e5925,10849,['2023-06']
165,2023-06-06 20:34:27,165,0,0,LowCon,0,19240566,b827eb5e5925,10849,['2023-06']
166,2023-06-06 22:54:22,166,0,0,LowCon,0,19240566,b827eb5e5925,10849,['2023-06']
167,2023-06-06 23:13:09,167,0,0,LowCon,0,19240566,b827eb5e5925,10849,['2023-06']
168,2023-06-06 23:36:01,168,0,0,LowCon,0,19240566,b827eb5e5925,10849,['2023-06']
169,2023-06-06 23:50:24,169,0,0,LowCon,0,19240566,b827eb5e5925,10849,['2023-06']
170,2023-06-07 01:09:47,170,0,0,LowCon,0,19240566,b827eb5e5925,10849,['2023-06']
171,2023-06-07 01:26:19,171,0,0.265625,LowCon,0,19240566,b827eb5e5925,10849,['2023-06']
172,2023-06-07 02:15:43,172,0,0,LowCon,0,19240566,b827eb5e5925,10849,['2023-06']
173,2023-06-07 03:51:11,173,0,0,LowCon,0,19240566,b827eb5e5925,10849,['2023-06']
174,2023-06-07 04:09:27,174,0,0,LowCon,0,19240566,b827eb5e5925,10849,['2023-06']
175,2023-06-07 04:27:06,175,0,0,LowCon,0,19240566,b827eb5e5925,10849,['2023-06']
176,2023-06-07 04:47:32,176,0,0.265625,LowCon,0,19240566,b827eb5e5925,10849,['2023-06']
177,2023-06-07 05:07:56,177,0,0,LowCon,0,19240566,b827eb5e5925,10849,['2023-06']
178,2023-06-07 05:50:58,178,0,0,LowCon,0,19240566,b827eb5e5925,10849,['2023-06']
179,2023-06-07 06:51:34,179,0,0,LowCon,0,19240566,b827eb5e5925,10849,['2023-06']
180,2023-06-07 06:56:40,180,0,0.265625,LowCon,0,19240566,b827eb5e5925,10849,['2023-06']
181,2023-06-07 08:02:59,181,0,0,LowCon,0,19240566,b827eb5e5925,10849,['2023-06']
182,2023-06-07 08:16:31,182,0,0,LowCon,0,19240566,b827eb5e5925,10849,['2023-06']
183,2023-06-07 08:27:21,183,0,0,LowCon,0,19240566,b827eb5e5925,10849,['2023-06']
184,2023-06-07 08:42:14,184,0,0,LowCon,0,19240566,b827eb5e5925,10849,['2023-06']
185,2023-06-07 09:13:43,185,0,0,LowCon,0,19240566,b827eb5e5925,10849,['2023-06']
186,2023-06-07 09:21:20,186,0.88017405,7.921875,MedCon,9.00035056,19240566,b827eb5e5925,10849,['2023-06']
187,2023-06-07 10:08:27,187,0,0,LowCon,0,19240566,b827eb5e5925,10849,['2023-06']
188,2023-06-07 10:41:15,188,0,0,LowCon,0,19240566,b827eb5e5925,10849,['2023-06']
189,2023-06-07 14:57:46,189,0,0.265625,LowCon,0,19240566,b827eb5e5925,10849,['2023-06']
190,2023-06-07 15:21:31,190,0,0,LowCon,0,19240566,b827eb5e5925,10849,['2023-06']
191,2023-06-07 16:11:01,191,0,0,LowCon,0,19240566,b827eb5e5925,10849,['2023-06']
192,2023-06-07 17:24:27,192,2.066986778,7.921875,MedCon,3.832571686,19240566,b827eb5e5925,10849,['2023-06']
193,2023-06-07 19:32:19,193,0,0,LowCon,0,19240566,b827eb5e5925,10849,['2023-06']
194,2023-06-07 19:42:15,194,0,0.265625,LowCon,0,19240566,b827eb5e5925,10849,['2023-06']
195,2023-06-07 21:30:41,195,0,0,LowCon,0,19240566,b827eb5e5925,10849,['2023-06']
196,2023-06-07 22:12:10,196,0,0,LowCon,0,19240566,b827eb5e5925,10849,['2023-06']
197,2023-06-07 22:19:03,197,0,0,LowCon,0,19240566,b827eb5e5925,10849,['2023-06']
198,2023-06-07 22:35:12,198,0,0.265625,LowCon,0,19240566,b827eb5e5925,10849,['2023-06']
199,2023-06-08 02:01:10,199,0,0,LowCon,0,19240566,b827eb5e5925,10849,['2023-06']
200,2023-06-08 02:25:58,200,0,0,LowCon,0,19240566,b827eb5e5925,10849,['2023-06']
201,2023-06-08 03:27:57,201,0,0,LowCon,0,19240566,b827eb5e5925,10849,['2023-06']
202,2023-06-08 07:40:30,202,0,0.265625,LowCon,0,19240566,b827eb5e5925,10849,['2023-06']
203,2023-06-08 08:31:14,203,0,0,LowCon,0,19240566,b827eb5e5925,10849,['2023-06']
204,2023-06-08 08:31:18,204,0,0,LowCon,0,19240566,b827eb5e5925,10849,['2023-06']
205,2023-06-08 08:40:26,205,0,0,LowCon,0,19240566,b827eb5e5925,10849,['2023-06']
206,2023-06-08 08:46:46,206,0,0,LowCon,0,19240566,b827eb5e5925,10849,['2023-06']
207,2023-06-08 08:53:08,207,0,0,LowCon,0,19240566,b827eb5e5925,10849,['2023-06']
208,2023-06-08 09:02:48,208,0,0,LowCon,0,19240566,b827eb5e5925,10849,['2023-06']
209,2023-06-08 09:31:54,209,0,0,LowCon,0,19240566,b827eb5e5925,10849,['2023-06']
210,2023-06-08 09:40:30,210,0,0,LowCon,0,19240566,b827eb5e5925,10849,['2023-06']
211,2023-06-08 09:57:52,211,0,0,LowCon,0,19240566,b827eb5e5925,10849,['2023-06']
212,2023-06-08 10:18:02,212,7.09743368,0.265625,LowCon,0.037425499,19240566,b827eb5e5925,10849,['2023-06']
213,2023-06-08 10:32:49,213,0,0,LowCon,0,19240566,b827eb5e5925,10849,['2023-06']
214,2023-06-08 10:46:25,214,0,0,LowCon,0,19240566,b827eb5e5925,10849,['2023-06']
215,2023-06-08 11:06:22,215,0,0,LowCon,0,19240566,b827eb5e5925,10849,['2023-06']
216,2023-06-08 11:33:30,216,0,0,LowCon,0,19240566,b827eb5e5925,10849,['2023-06']
217,2023-06-08 11:49:30,217,0,0.265625,LowCon,0,19240566,b827eb5e5925,10849,['2023-06']
218,2023-06-08 12:08:08,218,0,0,LowCon,0,19240566,b827eb5e5925,10849,['2023-06']
219,2023-06-08 12:26:43,219,0,0,LowCon,0,19240566,b827eb5e5925,10849,['2023-06']
220,2023-06-08 12:54:11,220,0,0,LowCon,0,19240566,b827eb5e5925,10849,['2023-06']
221,2023-06-08 13:32:45,221,0,0.2578125,LowCon,0,19240566,b827eb5e5925,10849,['2023-06']
222,2023-06-08 13:51:31,222,0,0,LowCon,0,19240566,b827eb5e5925,10849,['2023-06']
223,2023-06-08 13:57:38,223,0,0,LowCon,0,19240566,b827eb5e5925,10849,['2023-06']
224,2023-06-08 14:23:43,224,0,0,LowCon,0,19240566,b827eb5e5925,10849,['2023-06']
225,2023-06-08 14:44:04,225,0,0,LowCon,0,19240566,b827eb5e5925,10849,['2023-06']
226,2023-06-08 15:21:31,226,0,0.265625,LowCon,0,19240566,b827eb5e5925,10849,['2023-06']
227,2023-06-08 15:36:41,227,0,0,LowCon,0,19240566,b827eb5e5925,10849,['2023-06']
228,2023-06-08 15:46:49,228,0,0,LowCon,0,19240566,b827eb5e5925,10849,['2023-06']
229,2023-06-08 16:08:30,229,0,1.8515625,LowCon,0,19240566,b827eb5e5925,10849,['2023-06']
230,2023-06-08 17:20:44,230,0,0,LowCon,0,19240566,b827eb5e5925,10849,['2023-06']
231,2023-06-08 22:25:31,231,0,0,LowCon,0,19240566,b827eb5e5925,10849,['2023-06']
232,2023-06-08 23:27:07,232,0,0,LowCon,0,19240566,b827eb5e5925,10849,['2023-06']
233,2023-06-09 07:30:02,233,0,0.265625,LowCon,0,19240566,b827eb5e5925,10849,['2023-06']
234,2023-06-09 09:31:46,234,0,0,LowCon,0,19240566,b827eb5e5925,10849,['2023-06']
235,2023-06-09 11:02:23,235,0,0,LowCon,0,19240566,b827eb5e5925,10849,['2023-06']
236,2023-06-09 16:03:02,236,0,0,LowCon,0,19240566,b827eb5e5925,10849,['2023-06']
237,2023-06-09 16:23:13,237,0,0,LowCon,0,19240566,b827eb5e5925,10849,['2023-06']
238,2023-06-09 19:52:29,238,0,0,LowCon,0,19240566,b827eb5e5925,10849,['2023-06']
239,2023-06-09 19:59:07,239,0,0,LowCon,0,19240566,b827eb5e5925,10849,['2023-06']
240,2023-06-09 21:06:30,240,0,0.2578125,LowCon,0,19240566,b827eb5e5925,10849,['2023-06']
241,2023-06-10 01:00:22,241,0,0,LowCon,0,19240566,b827eb5e5925,10849,['2023-06']
242,2023-06-10 14:01:59,242,0,0,LowCon,0,19240566,b827eb5e5925,10849,['2023-06']
243,2023-06-10 14:17:52,243,0,0,LowCon,0,19240566,b827eb5e5925,10849,['2023-06']
244,2023-06-10 14:55:38,244,0,0.265625,LowCon,0,19240566,b827eb5e5925,10849,['2023-06']
245,2023-06-10 18:33:30,245,0,0,LowCon,0,19240566,b827eb5e5925,10849,['2023-06']
246,2023-06-10 23:42:28,246,0,0,LowCon,0,19240566,b827eb5e5925,10849,['2023-06']
247,2023-06-11 08:33:31,247,0,0,LowCon,0,19240566,b827eb5e5925,10849,['2023-06']
248,2023-06-11 09:00:44,248,7.181926844,0.265625,LowCon,0.0369852,19240566,b827eb5e5925,10849,['2023-06']
249,2023-06-11 09:25:01,249,0,0,LowCon,0,19240566,b827eb5e5925,10849,['2023-06']
250,2023-06-11 11:13:30,250,0,0,LowCon,0,19240566,b827eb5e5925,10849,['2023-06']
251,2023-06-11 11:21:13,251,0,0,LowCon,0,19240566,b827eb5e5925,10849,['2023-06']
252,2023-06-11 12:32:11,252,0,0,LowCon,0,19240566,b827eb5e5925,10849,['2023-06']
253,2023-06-11 12:51:13,253,0,0,LowCon,0,19240566,b827eb5e5925,10849,['2023-06']
254,2023-06-11 13:12:46,254,0,0,LowCon,0,19240566,b827eb5e5925,10849,['2023-06']
255,2023-06-11 15:07:24,255,0,0,LowCon,0,19240566,b827eb5e5925,10849,['2023-06']
256,2023-06-11 18:11:54,256,0,0,LowCon,0,19240566,b827eb5e5925,10849,['2023-06']
257,2023-06-11 19:03:56,257,0,0,LowCon,0,19240566,b827eb5e5925,10849,['2023-06']
258,2023-06-11 19:10:36,258,0,0.265625,LowCon,0,19240566,b827eb5e5925,10849,['2023-06']
259,2023-06-11 22:12:57,259,0,0,LowCon,0,19240566,b827eb5e5925,10849,['2023-06']
260,2023-06-12 02:32:22,260,0,0,LowCon,0,19240566,b827eb5e5925,10849,['2023-06']
261,2023-06-12 07:18:35,261,0,0,LowCon,0,19240566,b827eb5e5925,10849,['2023-06']
262,2023-06-12 07:50:11,262,0,0,LowCon,0,19240566,b827eb5e5925,10849,['2023-06']
263,2023-06-12 10:21:32,263,0,0,LowCon,0,19240566,b827eb5e5925,10849,['2023-06']
264,2023-06-12 10:35:03,264,0,0,LowCon,0,19240566,b827eb5e5925,10849,['2023-06']
265,2023-06-12 11:08:42,265,0,0,LowCon,0,19240566,b827eb5e5925,10849,['2023-06']
266,2023-06-12 11:47:38,266,5.857105141,0.265625,LowCon,0.045350902,19240566,b827eb5e5925,10849,['2023-06']
267,2023-06-12 11:57:02,267,0,0,LowCon,0,19240566,b827eb5e5925,10849,['2023-06']
268,2023-06-12 12:28:05,268,0,0,LowCon,0,19240566,b827eb5e5925,10849,['2023-06']
269,2023-06-12 12:34:10,269,0,0,LowCon,0,19240566,b827eb5e5925,10849,['2023-06']
270,2023-06-12 12:53:58,270,0,0,LowCon,0,19240566,b827eb5e5925,10849,['2023-06']
271,2023-06-12 13:00:53,271,0,0,LowCon,0,19240566,b827eb5e5925,10849,['2023-06']
272,2023-06-12 13:46:58,272,0,0,LowCon,0,19240566,b827eb5e5925,10849,['2023-06']
273,2023-06-12 14:15:23,273,0,0,LowCon,0,19240566,b827eb5e5925,10849,['2023-06']
274,2023-06-12 15:04:26,274,0,0,LowCon,0,19240566,b827eb5e5925,10849,['2023-06']
275,2023-06-12 15:10:45,275,0,0.265625,LowCon,0,19240566,b827eb5e5925,10849,['2023-06']
276,2023-06-12 19:37:49,276,0,0.2578125,LowCon,0,19240566,b827eb5e5925,10849,['2023-06']
277,2023-06-13 09:35:18,277,0,0,LowCon,0,19240566,b827eb5e5925,10849,['2023-06']
278,2023-06-13 09:39:14,278,0,0,LowCon,0,19240566,b827eb5e5925,10849,['2023-06']
279,2023-06-13 09:48:45,279,0,0,LowCon,0,19240566,b827eb5e5925,10849,['2023-06']
280,2023-06-13 10:00:42,280,0,0,LowCon,0,19240566,b827eb5e5925,10849,['2023-06']
281,2023-06-13 11:27:36,281,0,0,LowCon,0,19240566,b827eb5e5925,10849,['2023-06']
282,2023-06-13 11:55:31,282,0,0,LowCon,0,19240566,b827eb5e5925,10849,['2023-06']
283,2023-06-13 12:58:22,283,6.778447586,0.265625,LowCon,0.039186701,19240566,b827eb5e5925,10849,['2023-06']
284,2023-06-13 13:11:27,284,0,0,LowCon,0,19240566,b827eb5e5925,10849,['2023-06']
285,2023-06-13 13:46:45,285,0,0,LowCon,0,19240566,b827eb5e5925,10849,['2023-06']
286,2023-06-13 14:06:21,286,0,0,LowCon,0,19240566,b827eb5e5925,10849,['2023-06']
287,2023-06-13 15:34:24,287,0,0,LowCon,0,19240566,b827eb5e5925,10849,['2023-06']
288,2023-06-13 15:47:49,288,0,0.265625,LowCon,0,19240566,b827eb5e5925,10849,['2023-06']
289,2023-06-13 16:01:19,289,0,0,LowCon,0,19240566,b827eb5e5925,10849,['2023-06']
290,2023-06-13 16:49:50,290,0,0,LowCon,0,19240566,b827eb5e5925,10849,['2023-06']
291,2023-06-13 16:56:12,291,0,0,LowCon,0,19240566,b827eb5e5925,10849,['2023-06']
292,2023-06-13 17:31:57,292,0,0,LowCon,0,19240566,b827eb5e5925,10849,['2023-06']
293,2023-06-13 19:12:11,293,0,2.109375,LowCon,0,19240566,b827eb5e5925,10849,['2023-06']
294,2023-06-13 22:30:56,294,0.399948191,1.5859375,LowCon,3.965357348,19240566,b827eb5e5925,10849,['2023-06']
295,2023-06-13 22:32:16,295,0,0,LowCon,0,19240566,b827eb5e5925,10849,['2023-06']
296,2023-06-13 23:12:46,296,0.652378109,2.1171875,LowCon,3.24533805,19240566,b827eb5e5925,10849,['2023-06']
297,2023-06-13 23:18:23,297,0,0.265625,LowCon,0,19240566,b827eb5e5925,10849,['2023-06']
298,2023-06-13 23:19:54,298,0.389214089,0.5234375,LowCon,1.344857533,19240566,b827eb5e5925,10849,['2023-06']
299,2023-06-13 23:21:58,299,0.397473749,2.640625,LowCon,6.643520497,19240566,b827eb5e5925,10849,['2023-06']
300,2023-06-13 23:40:21,300,0,0,LowCon,0,19240566,b827eb5e5925,10849,['2023-06']
301,2023-06-13 23:47:02,301,0.656398287,1.8515625,LowCon,2.820791182,19240566,b827eb5e5925,10849,['2023-06']
302,2023-06-13 23:48:22,302,0,0,LowCon,0,19240566,b827eb5e5925,10849,['2023-06']
303,2023-06-14 00:09:04,303,1.218030641,5.2890625,MedCon,4.342306608,19240566,b827eb5e5925,10849,['2023-06']
304,2023-06-14 00:14:07,304,6.267107889,1.8515625,LowCon,0.2954413,19240566,b827eb5e5925,10849,['2023-06']
305,2023-06-14 02:29:49,305,0,0.265625,LowCon,0,19240566,b827eb5e5925,10849,['2023-06']
306,2023-06-14 04:24:10,306,0,0,LowCon,0,19240566,b827eb5e5925,10849,['2023-06']
307,2023-06-14 06:13:31,307,0,0,LowCon,0,19240566,b827eb5e5925,10849,['2023-06']
308,2023-06-14 06:34:25,308,0,0,LowCon,0,19240566,b827eb5e5925,10849,['2023-06']
309,2023-06-14 07:08:53,309,0,0,LowCon,0,19240566,b827eb5e5925,10849,['2023-06']
310,2023-06-14 07:27:13,310,0,0,LowCon,0,19240566,b827eb5e5925,10849,['2023-06']
311,2023-06-14 07:38:57,311,0,0,LowCon,0,19240566,b827eb5e5925,10849,['2023-06']
312,2023-06-14 07:49:26,312,0,0,LowCon,0,19240566,b827eb5e5925,10849,['2023-06']
313,2023-06-14 08:19:08,313,0,0,LowCon,0,19240566,b827eb5e5925,10849,['2023-06']
314,2023-06-14 08:33:08,314,0,1.84375,LowCon,0,19240566,b827eb5e5925,10849,['2023-06']
315,2023-06-14 09:03:02,315,3.366700412,2.90625,LowCon,0.863233922,19240566,b827eb5e5925,10849,['2023-06']
316,2023-06-14 09:12:08,316,5.386444998,0.796875,LowCon,0.147940803,19240566,b827eb5e5925,10849,['2023-06']
317,2023-06-14 09:16:56,317,4.153941623,3.171875,LowCon,0.763581987,19240566,b827eb5e5925,10849,['2023-06']
318,2023-06-14 09:23:48,318,0.697900189,1.578125,LowCon,2.261247418,19240566,b827eb5e5925,10849,['2023-06']
319,2023-06-14 09:27:31,319,0.449136092,2.6484375,LowCon,5.896737203,19240566,b827eb5e5925,10849,['2023-06']
320,2023-06-14 09:37:34,320,0,0.5234375,LowCon,0,19240566,b827eb5e5925,10849,['2023-06']
321,2023-06-14 09:43:54,321,0.55458602,1.5859375,LowCon,2.85967811,19240566,b827eb5e5925,10849,['2023-06']
322,2023-06-14 10:18:50,322,0,0,LowCon,0,19240566,b827eb5e5925,10849,['2023-06']
323,2023-06-14 10:25:33,323,0,0,LowCon,0,19240566,b827eb5e5925,10849,['2023-06']
324,2023-06-14 10:43:05,324,7.181926844,0.265625,LowCon,0.0369852,19240566,b827eb5e5925,10849,['2023-06']
325,2023-06-14 10:46:14,325,0.647278567,4.2265625,LowCon,6.529742705,19240566,b827eb5e5925,10849,['2023-06']
326,2023-06-14 10:56:39,326,0.26541216,0.53125,LowCon,2.001603842,19240566,b827eb5e5925,10849,['2023-06']
327,2023-06-14 11:03:25,327,0,0,LowCon,0,19240566,b827eb5e5925,10849,['2023-06']
328,2023-06-14 11:06:28,328,0,0,LowCon,0,19240566,b827eb5e5925,10849,['2023-06']
329,2023-06-14 11:18:43,329,0,0,LowCon,0,19240566,b827eb5e5925,10849,['2023-06']
330,2023-06-14 11:24:55,330,0.457451749,0.2578125,LowCon,0.56358403,19240566,b827eb5e5925,10849,['2023-06']
331,2023-06-14 11:45:15,331,0,3.4375,LowCon,0,19240566,b827eb5e5925,10849,['2023-06']
332,2023-06-14 11:54:53,332,0,0,LowCon,0,19240566,b827eb5e5925,10849,['2023-06']
333,2023-06-14 11:58:06,333,3.314735441,1.5859375,LowCon,0.478450702,19240566,b827eb5e5925,10849,['2023-06']
334,2023-06-14 12:09:28,334,7.955180438,3.6953125,LowCon,0.464516491,19240566,b827eb5e5925,10849,['2023-06']
335,2023-06-14 12:18:15,335,0,0,LowCon,0,19240566,b827eb5e5925,10849,['2023-06']
336,2023-06-14 12:37:11,336,0,0.265625,LowCon,0,19240566,b827eb5e5925,10849,['2023-06']
337,2023-06-14 12:46:55,337,0,0,LowCon,0,19240566,b827eb5e5925,10849,['2023-06']
338,2023-06-14 12:54:21,338,0.292540318,1.3203125,LowCon,4.513266788,19240566,b827eb5e5925,10849,['2023-06']
339,2023-06-14 13:09:03,339,0.386967186,0.265625,LowCon,0.686427712,19240566,b827eb5e5925,10849,['2023-06']
340,2023-06-14 13:12:35,340,0.697731748,2.109375,LowCon,3.02318908,19240566,b827eb5e5925,10849,['2023-06']
341,2023-06-14 13:20:12,341,0.307169989,0.265625,LowCon,0.864749193,19240566,b827eb5e5925,10849,['2023-06']
342,2023-06-14 13:21:03,342,2.031641821,1.5859375,LowCon,0.780618652,19240566,b827eb5e5925,10849,['2023-06']
343,2023-06-14 13:23:23,343,30.77346802,1.8515625,LowCon,0.060167496,19240566,b827eb5e5925,10849,['2023-06']
344,2023-06-14 13:27:42,344,0,0.265625,LowCon,0,19240566,b827eb5e5925,10849,['2023-06']
345,2023-06-14 13:36:17,345,0.554622603,1.5859375,LowCon,2.859489483,19240566,b827eb5e5925,10849,['2023-06']
346,2023-06-14 13:41:32,346,0,0.2578125,LowCon,0,19240566,b827eb5e5925,10849,['2023-06']
347,2023-06-14 13:42:24,347,0,0,LowCon,0,19240566,b827eb5e5925,10849,['2023-06']
348,2023-06-14 14:05:22,348,0,0,LowCon,0,19240566,b827eb5e5925,10849,['2023-06']
349,2023-06-14 14:11:13,349,0,0,LowCon,0,19240566,b827eb5e5925,10849,['2023-06']
350,2023-06-14 15:08:38,350,0,0,LowCon,0,19240566,b827eb5e5925,10849,['2023-06']
351,2023-06-14 16:09:09,351,0,0,LowCon,0,19240566,b827eb5e5925,10849,['2023-06']
352,2023-06-14 17:13:43,352,6.93427446,0.265625,LowCon,0.038306098,19240566,b827eb5e5925,10849,['2023-06']
353,2023-06-14 17:15:12,353,0,0.53125,LowCon,0,19240566,b827eb5e5925,10849,['2023-06']
354,2023-06-14 17:42:54,354,0,0,LowCon,0,19240566,b827eb5e5925,10849,['2023-06']
355,2023-06-14 18:10:35,355,0,1.84375,LowCon,0,19240566,b827eb5e5925,10849,['2023-06']
356,2023-06-14 18:15:16,356,25.28970603,2.90625,LowCon,0.114918299,19240566,b827eb5e5925,10849,['2023-06']
357,2023-06-14 18:20:28,357,0,0.265625,LowCon,0,19240566,b827eb5e5925,10849,['2023-06']
358,2023-06-14 18:21:39,358,0,2.1171875,LowCon,0,19240566,b827eb5e5925,10849,['2023-06']
359,2023-06-14 18:24:49,359,0,0,LowCon,0,19240566,b827eb5e5925,10849,['2023-06']
360,2023-06-14 19:17:17,360,0,0,LowCon,0,19240566,b827eb5e5925,10849,['2023-06']
361,2023-06-14 19:27:02,361,0,0,LowCon,0,19240566,b827eb5e5925,10849,['2023-06']
362,2023-06-14 20:27:39,362,0,0.265625,LowCon,0,19240566,b827eb5e5925,10849,['2023-06']
363,2023-06-14 20:58:52,363,0,0,LowCon,0,19240566,b827eb5e5925,10849,['2023-06']
364,2023-06-14 21:02:00,364,0,0,LowCon,0,19240566,b827eb5e5925,10849,['2023-06']
365,2023-06-14 21:24:04,365,0.628850399,2.109375,LowCon,3.354335154,19240566,b827eb5e5925,10849,['2023-06']
366,2023-06-14 21:42:14,366,0,0,LowCon,0,19240566,b827eb5e5925,10849,['2023-06']
367,2023-06-14 21:42:19,367,0,0.265625,LowCon,0,19240566,b827eb5e5925,10849,['2023-06']
368,2023-06-14 21:55:31,368,0,0.7890625,LowCon,0,19240566,b827eb5e5925,10849,['2023-06']
369,2023-06-14 22:02:40,369,0.098126518,0.265625,LowCon,2.706964493,19240566,b827eb5e5925,10849,['2023-06']
370,2023-06-14 22:02:54,370,0,1.8515625,LowCon,0,19240566,b827eb5e5925,10849,['2023-06']
371,2023-06-14 22:04:41,371,0.395482421,0.5234375,LowCon,1.32354176,19240566,b827eb5e5925,10849,['2023-06']
372,2023-06-14 22:17:44,372,0.555365722,3.703125,LowCon,6.667903423,19240566,b827eb5e5925,10849,['2023-06']
373,2023-06-14 22:32:23,373,78.15626377,4.7578125,LowCon,0.060875639,19240566,b827eb5e5925,10849,['2023-06']
374,2023-06-14 22:33:42,374,0,0,LowCon,0,19240566,b827eb5e5925,10849,['2023-06']
375,2023-06-14 22:49:31,375,0,0.265625,LowCon,0,19240566,b827eb5e5925,10849,['2023-06']
376,2023-06-15 02:25:04,376,0,0.265625,LowCon,0,19240566,b827eb5e5925,10849,['2023-06']
377,2023-06-15 05:58:18,377,0.752200908,2.375,LowCon,3.157401134,19240566,b827eb5e5925,10849,['2023-06']
378,2023-06-15 06:05:24,378,0,1.8515625,LowCon,0,19240566,b827eb5e5925,10849,['2023-06']
379,2023-06-15 06:06:57,379,0,0.265625,LowCon,0,19240566,b827eb5e5925,10849,['2023-06']
380,2023-06-15 06:14:32,380,0,1.3203125,LowCon,0,19240566,b827eb5e5925,10849,['2023-06']
381,2023-06-15 06:23:29,381,0,0.265625,LowCon,0,19240566,b827eb5e5925,10849,['2023-06']
382,2023-06-15 06:26:49,382,0,0,LowCon,0,19240566,b827eb5e5925,10849,['2023-06']
383,2023-06-15 06:26:56,383,0.616356055,0.2578125,LowCon,0.418285012,19240566,b827eb5e5925,10849,['2023-06']
384,2023-06-15 06:35:52,384,0,1.0625,LowCon,0,19240566,b827eb5e5925,10849,['2023-06']
385,2023-06-15 07:07:42,385,0.15529982,0.7890625,LowCon,5.080897726,19240566,b827eb5e5925,10849,['2023-06']
386,2023-06-15 07:08:15,386,2.336157835,3.9609375,LowCon,1.695492248,19240566,b827eb5e5925,10849,['2023-06']
387,2023-06-15 07:13:38,387,7.181926844,0.53125,LowCon,0.0739704,19240566,b827eb5e5925,10849,['2023-06']
388,2023-06-15 07:17:21,388,0.389361802,1.0546875,LowCon,2.708759553,19240566,b827eb5e5925,10849,['2023-06']
389,2023-06-15 07:18:00,389,3.166255625,2.1171875,LowCon,0.668672322,19240566,b827eb5e5925,10849,['2023-06']
390,2023-06-15 07:19:14,390,10.51126634,8.9765625,MedCon,0.853994391,19240566,b827eb5e5925,10849,['2023-06']
391,2023-06-15 07:30:57,391,0,0,LowCon,0,19240566,b827eb5e5925,10849,['2023-06']
392,2023-06-15 07:31:36,392,0.190610388,1.3203125,LowCon,6.926760463,19240566,b827eb5e5925,10849,['2023-06']
393,2023-06-15 07:46:32,393,0,0.265625,LowCon,0,19240566,b827eb5e5925,10849,['2023-06']
394,2023-06-15 07:51:56,394,6.629470882,0.265625,LowCon,0.0400673,19240566,b827eb5e5925,10849,['2023-06']
395,2023-06-15 07:54:33,395,0,3.4375,LowCon,0,19240566,b827eb5e5925,10849,['2023-06']
396,2023-06-15 08:02:08,396,0.089972078,0.2578125,LowCon,2.865472317,19240566,b827eb5e5925,10849,['2023-06']
397,2023-06-15 08:04:48,397,6.656304586,4.4921875,LowCon,0.674877095,19240566,b827eb5e5925,10849,['2023-06']
398,2023-06-15 08:13:58,398,0.207884855,0.265625,LowCon,1.277750611,19240566,b827eb5e5925,10849,['2023-06']
399,2023-06-15 08:15:20,399,3.031567118,0.53125,LowCon,0.175239399,19240566,b827eb5e5925,10849,['2023-06']
400,2023-06-15 08:18:17,400,0,0,LowCon,0,19240566,b827eb5e5925,10849,['2023-06']
401,2023-06-15 08:18:42,401,0.702307169,0.265625,LowCon,0.378217697,19240566,b827eb5e5925,10849,['2023-06']
402,2023-06-15 08:20:43,402,0,0.2578125,LowCon,0,19240566,b827eb5e5925,10849,['2023-06']
403,2023-06-15 08:30:29,403,0.928303773,2.1171875,LowCon,2.280705477,19240566,b827eb5e5925,10849,['2023-06']
404,2023-06-15 08:46:39,404,0,0.265625,LowCon,0,19240566,b827eb5e5925,10849,['2023-06']
405,2023-06-15 09:07:24,405,0,0,LowCon,0,19240566,b827eb5e5925,10849,['2023-06']
406,2023-06-15 10:32:39,406,0,0.2578125,LowCon,0,19240566,b827eb5e5925,10849,['2023-06']
407,2023-06-15 10:45:42,407,0,0.265625,LowCon,0,19240566,b827eb5e5925,10849,['2023-06']
408,2023-06-15 11:05:23,408,0,0,LowCon,0,19240566,b827eb5e5925,10849,['2023-06']
409,2023-06-15 11:27:12,409,0,0.265625,LowCon,0,19240566,b827eb5e5925,10849,['2023-06']
410,2023-06-15 13:17:45,410,0.663704133,1.8515625,LowCon,2.789740801,19240566,b827eb5e5925,10849,['2023-06']
411,2023-06-15 13:41:26,411,0,0.265625,LowCon,0,19240566,b827eb5e5925,10849,['2023-06']
412,2023-06-15 14:10:07,412,0,0.5234375,LowCon,0,19240566,b827eb5e5925,10849,['2023-06']
413,2023-06-15 14:24:14,413,0.193111986,0.796875,LowCon,4.126491666,19240566,b827eb5e5925,10849,['2023-06']
414,2023-06-15 14:28:54,414,0.624643437,0.7890625,LowCon,1.263220668,19240566,b827eb5e5925,10849,['2023-06']
415,2023-06-15 14:32:59,415,0.286458625,0.53125,LowCon,1.854543567,19240566,b827eb5e5925,10849,['2023-06']
416,2023-06-15 14:36:54,416,0,1.84375,LowCon,0,19240566,b827eb5e5925,10849,['2023-06']
417,2023-06-15 14:44:17,417,0,0,LowCon,0,19240566,b827eb5e5925,10849,['2023-06']
418,2023-06-15 14:50:03,418,0,0.53125,LowCon,0,19240566,b827eb5e5925,10849,['2023-06']
419,2023-06-15 14:54:19,419,0,0,LowCon,0,19240566,b827eb5e5925,10849,['2023-06']
420,2023-06-15 14:54:38,420,0.088940271,2.1171875,LowCon,23.80459904,19240566,b827eb5e5925,10849,['2023-06']
421,2023-06-15 15:10:07,421,0,1.0546875,LowCon,0,19240566,b827eb5e5925,10849,['2023-06']
422,2023-06-15 15:13:14,422,0,0,LowCon,0,19240566,b827eb5e5925,10849,['2023-06']
423,2023-06-15 15:23:27,423,0,0.265625,LowCon,0,19240566,b827eb5e5925,10849,['2023-06']
424,2023-06-15 15:32:06,424,0,1.84375,LowCon,0,19240566,b827eb5e5925,10849,['2023-06']
425,2023-06-15 16:50:53,425,0,0,LowCon,0,19240566,b827eb5e5925,10849,['2023-06']
426,2023-06-15 16:57:42,426,0.863124923,2.3828125,LowCon,2.760680914,19240566,b827eb5e5925,10849,['2023-06']
427,2023-06-15 17:15:48,427,4.698893642,0.5234375,LowCon,0.111395903,19240566,b827eb5e5925,10849,['2023-06']
428,2023-06-15 17:20:52,428,0,0,LowCon,0,19240566,b827eb5e5925,10849,['2023-06']
429,2023-06-15 17:28:08,429,3.008125562,2.1171875,LowCon,0.703822848,19240566,b827eb5e5925,10849,['2023-06']
430,2023-06-15 17:38:50,430,0.482239705,0.5234375,LowCon,1.085430119,19240566,b827eb5e5925,10849,['2023-06']
431,2023-06-15 17:43:15,431,0,0,LowCon,0,19240566,b827eb5e5925,10849,['2023-06']
432,2023-06-15 17:46:24,432,0.695999561,1.8515625,LowCon,2.660292625,19240566,b827eb5e5925,10849,['2023-06']
433,2023-06-15 17:47:20,433,0,0.265625,LowCon,0,19240566,b827eb5e5925,10849,['2023-06']
434,2023-06-15 18:02:49,434,0,0,LowCon,0,19240566,b827eb5e5925,10849,['2023-06']
435,2023-06-15 18:09:10,435,0,0.265625,LowCon,0,19240566,b827eb5e5925,10849,['2023-06']
436,2023-06-15 18:15:45,436,0.583737421,2.109375,LowCon,3.613568229,19240566,b827eb5e5925,10849,['2023-06']
437,2023-06-15 18:34:58,437,0,0,LowCon,0,19240566,b827eb5e5925,10849,['2023-06']
438,2023-06-15 18:47:53,438,29.66800709,3.4375,LowCon,0.115865551,19240566,b827eb5e5925,10849,['2023-06']
439,2023-06-15 18:54:51,439,0,0,LowCon,0,19240566,b827eb5e5925,10849,['2023-06']
440,2023-06-15 18:54:59,440,5.585943164,0.265625,LowCon,0.047552399,19240566,b827eb5e5925,10849,['2023-06']
441,2023-06-15 19:24:36,441,0,0,LowCon,0,19240566,b827eb5e5925,10849,['2023-06']
442,2023-06-15 19:30:27,442,6.57908148,0.2578125,LowCon,0.039186701,19240566,b827eb5e5925,10849,['2023-06']
443,2023-06-15 19:38:09,443,0,0,LowCon,0,19240566,b827eb5e5925,10849,['2023-06']
444,2023-06-15 19:46:50,444,0,0,LowCon,0,19240566,b827eb5e5925,10849,['2023-06']
445,2023-06-15 20:07:57,445,0,0,LowCon,0,19240566,b827eb5e5925,10849,['2023-06']
446,2023-06-15 20:27:08,446,0,0,LowCon,0,19240566,b827eb5e5925,10849,['2023-06']
447,2023-06-15 20:37:01,447,0,0,LowCon,0,19240566,b827eb5e5925,10849,['2023-06']
448,2023-06-15 20:54:05,448,0,0,LowCon,0,19240566,b827eb5e5925,10849,['2023-06']
449,2023-06-15 21:23:53,449,98.13288135,4.234375,LowCon,0.043149401,19240566,b827eb5e5925,10849,['2023-06']
450,2023-06-15 21:30:50,450,0,0,LowCon,0,19240566,b827eb5e5925,10849,['2023-06']
451,2023-06-15 21:41:48,451,0,0.2578125,LowCon,0,19240566,b827eb5e5925,10849,['2023-06']
452,2023-06-15 22:16:15,452,25.13674301,2.125,LowCon,0.084537603,19240566,b827eb5e5925,10849,['2023-06']
453,2023-06-15 22:19:54,453,77.02051835,4.25,LowCon,0.055180101,19240566,b827eb5e5925,10849,['2023-06']
454,2023-06-15 22:26:53,454,56.85028361,3.1875,LowCon,0.056068322,19240566,b827eb5e5925,10849,['2023-06']
455,2023-06-15 22:28:05,455,28.05962188,1.0625,LowCon,0.037865799,19240566,b827eb5e5925,10849,['2023-06']
456,2023-06-15 22:36:36,456,0,0,LowCon,0,19240566,b827eb5e5925,10849,['2023-06']
457,2023-06-15 22:49:56,457,0,0,LowCon,0,19240566,b827eb5e5925,10849,['2023-06']
458,2023-06-15 23:00:19,458,0,0,LowCon,0,19240566,b827eb5e5925,10849,['2023-06']
459,2023-06-15 23:19:57,459,0,0,LowCon,0,19240566,b827eb5e5925,10849,['2023-06']
460,2023-06-15 23:28:48,460,0,1.84375,LowCon,0,19240566,b827eb5e5925,10849,['2023-06']
461,2023-06-15 23:45:10,461,0.078460376,0.265625,LowCon,3.385466814,19240566,b827eb5e5925,10849,['2023-06']
462,2023-06-16 00:00:07,462,0,0.265625,LowCon,0,19240566,b827eb5e5925,10849,['2023-06']
463,2023-06-16 02:49:01,463,1.030212073,3.6953125,LowCon,3.5869435,19240566,b827eb5e5925,10849,['2023-06']
464,2023-06-16 02:53:03,464,0,0,LowCon,0,19240566,b827eb5e5925,10849,['2023-06']
465,2023-06-16 04:27:58,465,0,0,LowCon,0,19240566,b827eb5e5925,10849,['2023-06']
466,2023-06-16 04:35:58,466,0,1.0625,LowCon,0,19240566,b827eb5e5925,10849,['2023-06']
467,2023-06-16 07:00:32,467,0,0,LowCon,0,19240566,b827eb5e5925,10849,['2023-06']
468,2023-06-16 07:10:19,468,1.063271049,0.7890625,LowCon,0.742108516,19240566,b827eb5e5925,10849,['2023-06']
469,2023-06-16 07:21:31,469,0,2.375,LowCon,0,19240566,b827eb5e5925,10849,['2023-06']
470,2023-06-16 07:29:15,470,2.155302906,2.3828125,LowCon,1.10555806,19240566,b827eb5e5925,10849,['2023-06']
471,2023-06-16 07:58:06,471,0,0,LowCon,0,19240566,b827eb5e5925,10849,['2023-06']
472,2023-06-16 08:00:39,472,0,0,LowCon,0,19240566,b827eb5e5925,10849,['2023-06']
473,2023-06-16 08:13:38,473,0,0,LowCon,0,19240566,b827eb5e5925,10849,['2023-06']
474,2023-06-16 08:28:54,474,0,0,LowCon,0,19240566,b827eb5e5925,10849,['2023-06']
475,2023-06-16 08:36:55,475,0,0,LowCon,0,19240566,b827eb5e5925,10849,['2023-06']
476,2023-06-16 08:48:56,476,6.730325211,0.2578125,LowCon,0.038306098,19240566,b827eb5e5925,10849,['2023-06']
477,2023-06-16 08:54:05,477,29.03594877,2.90625,LowCon,0.100091443,19240566,b827eb5e5925,10849,['2023-06']
478,2023-06-16 09:09:40,478,8.017828345,2.6484375,LowCon,0.330318558,19240566,b827eb5e5925,10849,['2023-06']
479,2023-06-16 09:12:20,479,30.25361062,9.5078125,MedCon,0.31427034,19240566,b827eb5e5925,10849,['2023-06']
480,2023-06-16 09:23:32,480,15.69338439,2.109375,LowCon,0.134411733,19240566,b827eb5e5925,10849,['2023-06']
481,2023-06-16 09:36:55,481,7.619119086,1.3203125,LowCon,0.17328939,19240566,b827eb5e5925,10849,['2023-06']
482,2023-06-16 09:45:51,482,0,0.265625,LowCon,0,19240566,b827eb5e5925,10849,['2023-06']
483,2023-06-16 09:47:26,483,0,0.53125,LowCon,0,19240566,b827eb5e5925,10849,['2023-06']
484,2023-06-16 10:00:24,484,0,0,LowCon,0,19240566,b827eb5e5925,10849,['2023-06']
485,2023-06-16 10:01:09,485,0,1.3203125,LowCon,0,19240566,b827eb5e5925,10849,['2023-06']
486,2023-06-16 10:17:48,486,0.676285061,3.4296875,LowCon,5.071363689,19240566,b827eb5e5925,10849,['2023-06']
487,2023-06-16 10:20:37,487,0.382099816,4.4921875,LowCon,11.75658116,19240566,b827eb5e5925,10849,['2023-06']
488,2023-06-16 10:22:56,488,73.78680975,14.2734375,HighCon,0.193441586,19240566,b827eb5e5925,10849,['2023-06']
489,2023-06-16 10:28:23,489,1.804955574,10.8359375,MedCon,6.003437235,19240566,b827eb5e5925,10849,['2023-06']
490,2023-06-16 10:29:34,490,2.407627352,13.734375,HighCon,5.704526901,19240566,b827eb5e5925,10849,['2023-06']
491,2023-06-16 10:30:12,491,10.41337441,112.5390625,Outliers,10.80716567,19240566,b827eb5e5925,10849,['2023-06']
492,2023-06-18 10:40:29,492,0,0,LowCon,0,19240566,b827eb5e5925,10849,['2023-06']
493,2023-06-18 10:54:01,493,7.014905471,0.265625,LowCon,0.037865799,19240566,b827eb5e5925,10849,['2023-06']
494,2023-06-18 11:09:04,494,0,0,LowCon,0,19240566,b827eb5e5925,10849,['2023-06']
495,2023-06-18 11:19:44,495,0,0,LowCon,0,19240566,b827eb5e5925,10849,['2023-06']
496,2023-06-18 11:31:36,496,0,0,LowCon,0,19240566,b827eb5e5925,10849,['2023-06']
497,2023-06-18 12:37:47,497,0,0,LowCon,0,19240566,b827eb5e5925,10849,['2023-06']
498,2023-06-18 12:46:47,498,0,0.265625,LowCon,0,19240566,b827eb5e5925,10849,['2023-06']
499,2023-06-18 13:13:09,499,0,0,LowCon,0,19240566,b827eb5e5925,10849,['2023-06']
500,2023-06-18 14:13:54,500,0,0,LowCon,0,19240566,b827eb5e5925,10849,['2023-06']
501,2023-06-18 15:32:23,501,0,0,LowCon,0,19240566,b827eb5e5925,10849,['2023-06']
502,2023-06-18 16:02:01,502,0,0,LowCon,0,19240566,b827eb5e5925,10849,['2023-06']
503,2023-06-18 16:20:38,503,0.080373281,0.5234375,LowCon,6.512580949,19240566,b827eb5e5925,10849,['2023-06']
504,2023-06-18 16:37:25,504,0,0,LowCon,0,19240566,b827eb5e5925,10849,['2023-06']
505,2023-06-18 16:54:30,505,0,0.265625,LowCon,0,19240566,b827eb5e5925,10849,['2023-06']
506,2023-06-18 17:45:26,506,0,0,LowCon,0,19240566,b827eb5e5925,10849,['2023-06']
507,2023-06-18 18:13:51,507,0,0,LowCon,0,19240566,b827eb5e5925,10849,['2023-06']
508,2023-06-18 18:20:37,508,0,0,LowCon,0,19240566,b827eb5e5925,10849,['2023-06']
509,2023-06-18 18:48:56,509,0,0,LowCon,0,19240566,b827eb5e5925,10849,['2023-06']
510,2023-06-18 18:55:43,510,0,0,LowCon,0,19240566,b827eb5e5925,10849,['2023-06']
511,2023-06-18 20:44:40,511,0,0,LowCon,0,19240566,b827eb5e5925,10849,['2023-06']
512,2023-06-18 21:32:06,512,0,0.265625,LowCon,0,19240566,b827eb5e5925,10849,['2023-06']
513,2023-06-18 22:04:58,513,0,0,LowCon,0,19240566,b827eb5e5925,10849,['2023-06']
514,2023-06-18 23:22:46,514,0,0,LowCon,0,19240566,b827eb5e5925,10849,['2023-06']
515,2023-06-19 03:37:36,515,0,0,LowCon,0,19240566,b827eb5e5925,10849,['2023-06']
516,2023-06-19 03:51:58,516,0,0,LowCon,0,19240566,b827eb5e5925,10849,['2023-06']
517,2023-06-19 08:40:10,517,0,0.53125,LowCon,0,19240566,b827eb5e5925,10849,['2023-06']
518,2023-06-19 10:00:14,518,0,0,LowCon,0,19240566,b827eb5e5925,10849,['2023-06']
519,2023-06-19 10:54:59,519,0,0,LowCon,0,19240566,b827eb5e5925,10849,['2023-06']
520,2023-06-19 11:19:33,520,0,0,LowCon,0,19240566,b827eb5e5925,10849,['2023-06']
521,2023-06-19 11:34:21,521,0,0.2578125,LowCon,0,19240566,b827eb5e5925,10849,['2023-06']
522,2023-06-19 12:01:28,522,0,0,LowCon,0,19240566,b827eb5e5925,10849,['2023-06']
523,2023-06-19 12:25:11,523,0,0,LowCon,0,19240566,b827eb5e5925,10849,['2023-06']
524,2023-06-19 12:35:47,524,0,0,LowCon,0,19240566,b827eb5e5925,10849,['2023-06']
525,2023-06-19 12:46:41,525,0,0,LowCon,0,19240566,b827eb5e5925,10849,['2023-06']
526,2023-06-19 13:02:59,526,0,0,LowCon,0,19240566,b827eb5e5925,10849,['2023-06']
527,2023-06-19 13:20:34,527,0,0,LowCon,0,19240566,b827eb5e5925,10849,['2023-06']
528,2023-06-19 13:30:14,528,0,0,LowCon,0,19240566,b827eb5e5925,10849,['2023-06']
529,2023-06-19 14:28:20,529,0,0.265625,LowCon,0,19240566,b827eb5e5925,10849,['2023-06']
530,2023-06-19 14:42:23,530,0,0,LowCon,0,19240566,b827eb5e5925,10849,['2023-06']
531,2023-06-19 14:51:32,531,0,0,LowCon,0,19240566,b827eb5e5925,10849,['2023-06']
532,2023-06-19 15:54:42,532,0,0,LowCon,0,19240566,b827eb5e5925,10849,['2023-06']
533,2023-06-19 16:06:21,533,1.202584278,3.9609375,LowCon,3.293688079,19240566,b827eb5e5925,10849,['2023-06']
534,2023-06-19 16:26:40,534,0,0,LowCon,0,19240566,b827eb5e5925,10849,['2023-06']
535,2023-06-19 16:52:27,535,0,0.265625,LowCon,0,19240566,b827eb5e5925,10849,['2023-06']
536,2023-06-19 17:44:30,536,0,0,LowCon,0,19240566,b827eb5e5925,10849,['2023-06']
537,2023-06-19 18:01:50,537,0,0,LowCon,0,19240566,b827eb5e5925,10849,['2023-06']
538,2023-06-19 18:12:16,538,0,0,LowCon,0,19240566,b827eb5e5925,10849,['2023-06']
539,2023-06-19 18:23:10,539,0,0,LowCon,0,19240566,b827eb5e5925,10849,['2023-06']
540,2023-06-19 18:52:24,540,0,0,LowCon,0,19240566,b827eb5e5925,10849,['2023-06']
541,2023-06-19 19:00:12,541,0,0,LowCon,0,19240566,b827eb5e5925,10849,['2023-06']
542,2023-06-19 19:34:35,542,0,0,LowCon,0,19240566,b827eb5e5925,10849,['2023-06']
543,2023-06-19 21:20:11,543,0,0.265625,LowCon,0,19240566,b827eb5e5925,10849,['2023-06']
544,2023-06-19 23:31:54,544,0,0,LowCon,0,19240566,b827eb5e5925,10849,['2023-06']
545,2023-06-20 00:15:49,545,0,0,LowCon,0,19240566,b827eb5e5925,10849,['2023-06']
546,2023-06-20 00:40:35,546,0,0.53125,LowCon,0,19240566,b827eb5e5925,10849,['2023-06']
547,2023-06-20 04:47:11,547,0,0,LowCon,0,19240566,b827eb5e5925,10849,['2023-06']
548,2023-06-20 08:19:55,548,0,0,LowCon,0,19240566,b827eb5e5925,10849,['2023-06']
549,2023-06-20 08:44:20,549,0,0,LowCon,0,19240566,b827eb5e5925,10849,['2023-06']
550,2023-06-20 08:55:15,550,0,0,LowCon,0,19240566,b827eb5e5925,10849,['2023-06']
551,2023-06-20 09:10:59,551,0,0,LowCon,0,19240566,b827eb5e5925,10849,['2023-06']
552,2023-06-20 09:23:16,552,0,0,LowCon,0,19240566,b827eb5e5925,10849,['2023-06']
553,2023-06-20 10:38:05,553,6.163560989,0.2578125,LowCon,0.041828498,19240566,b827eb5e5925,10849,['2023-06']
554,2023-06-20 10:50:29,554,0,0,LowCon,0,19240566,b827eb5e5925,10849,['2023-06']
555,2023-06-20 10:59:21,555,0,0,LowCon,0,19240566,b827eb5e5925,10849,['2023-06']
556,2023-06-20 11:08:37,556,0,0,LowCon,0,19240566,b827eb5e5925,10849,['2023-06']
557,2023-06-20 11:21:23,557,0,0,LowCon,0,19240566,b827eb5e5925,10849,['2023-06']
558,2023-06-20 11:37:57,558,0,0,LowCon,0,19240566,b827eb5e5925,10849,['2023-06']
559,2023-06-20 12:40:22,559,0,0,LowCon,0,19240566,b827eb5e5925,10849,['2023-06']
560,2023-06-20 13:00:24,560,7.09743368,0.265625,LowCon,0.037425499,19240566,b827eb5e5925,10849,['2023-06']
561,2023-06-20 13:13:54,561,0,0,LowCon,0,19240566,b827eb5e5925,10849,['2023-06']
562,2023-06-20 13:36:12,562,0,0,LowCon,0,19240566,b827eb5e5925,10849,['2023-06']
563,2023-06-20 13:56:50,563,0,0,LowCon,0,19240566,b827eb5e5925,10849,['2023-06']
564,2023-06-20 14:32:18,564,0,0,LowCon,0,19240566,b827eb5e5925,10849,['2023-06']
565,2023-06-20 16:38:35,565,0,0,LowCon,0,19240566,b827eb5e5925,10849,['2023-06']
566,2023-06-20 16:50:28,566,0,0,LowCon,0,19240566,b827eb5e5925,10849,['2023-06']
567,2023-06-20 17:21:34,567,0,0,LowCon,0,19240566,b827eb5e5925,10849,['2023-06']
568,2023-06-20 17:35:21,568,0,0,LowCon,0,19240566,b827eb5e5925,10849,['2023-06']
569,2023-06-20 17:55:05,569,0,0,LowCon,0,19240566,b827eb5e5925,10849,['2023-06']
570,2023-06-20 18:47:55,570,0,0.265625,LowCon,0,19240566,b827eb5e5925,10849,['2023-06']
571,2023-06-20 19:29:46,571,0,0,LowCon,0,19240566,b827eb5e5925,10849,['2023-06']
572,2023-06-20 20:08:30,572,0,0,LowCon,0,19240566,b827eb5e5925,10849,['2023-06']
573,2023-06-20 20:28:34,573,0,0.265625,LowCon,0,19240566,b827eb5e5925,10849,['2023-06']
574,2023-06-20 20:50:10,574,0,0,LowCon,0,19240566,b827eb5e5925,10849,['2023-06']
575,2023-06-20 21:24:46,575,0,0,LowCon,0,19240566,b827eb5e5925,10849,['2023-06']
576,2023-06-20 21:34:18,576,0,0,LowCon,0,19240566,b827eb5e5925,10849,['2023-06']
577,2023-06-20 21:43:11,577,0,0.5234375,LowCon,0,19240566,b827eb5e5925,10849,['2023-06']
578,2023-06-20 23:40:05,578,0,0,LowCon,0,19240566,b827eb5e5925,10849,['2023-06']
579,2023-06-20 23:51:10,579,0,0,LowCon,0,19240566,b827eb5e5925,10849,['2023-06']
580,2023-06-21 03:18:14,580,0,0,LowCon,0,19240566,b827eb5e5925,10849,['2023-06']
581,2023-06-21 08:35:58,581,6.557411495,0.265625,LowCon,0.0405076,19240566,b827eb5e5925,10849,['2023-06']
582,2023-06-21 09:14:37,582,0,0,LowCon,0,19240566,b827eb5e5925,10849,['2023-06']
583,2023-06-21 10:22:48,583,0,0,LowCon,0,19240566,b827eb5e5925,10849,['2023-06']
584,2023-06-21 10:30:41,584,0,0,LowCon,0,19240566,b827eb5e5925,10849,['2023-06']
585,2023-06-21 10:44:21,585,0,0.265625,LowCon,0,19240566,b827eb5e5925,10849,['2023-06']
586,2023-06-21 11:15:39,586,0,0,LowCon,0,19240566,b827eb5e5925,10849,['2023-06']
587,2023-06-21 11:31:57,587,0,0,LowCon,0,19240566,b827eb5e5925,10849,['2023-06']
588,2023-06-21 11:43:39,588,0,0,LowCon,0,19240566,b827eb5e5925,10849,['2023-06']
589,2023-06-21 11:55:40,589,0,0,LowCon,0,19240566,b827eb5e5925,10849,['2023-06']
590,2023-06-21 12:08:56,590,0,0,LowCon,0,19240566,b827eb5e5925,10849,['2023-06']
591,2023-06-21 12:19:35,591,0,0,LowCon,0,19240566,b827eb5e5925,10849,['2023-06']
592,2023-06-21 12:59:04,592,0,0,LowCon,0,19240566,b827eb5e5925,10849,['2023-06']
593,2023-06-21 13:10:45,593,0,0,LowCon,0,19240566,b827eb5e5925,10849,['2023-06']
594,2023-06-21 13:19:32,594,0,0,LowCon,0,19240566,b827eb5e5925,10849,['2023-06']
595,2023-06-21 13:31:07,595,0,0.265625,LowCon,0,19240566,b827eb5e5925,10849,['2023-06']
596,2023-06-21 15:20:07,596,0,0,LowCon,0,19240566,b827eb5e5925,10849,['2023-06']
597,2023-06-21 16:25:15,597,0,0,LowCon,0,19240566,b827eb5e5925,10849,['2023-06']
598,2023-06-21 17:02:15,598,0,0,LowCon,0,19240566,b827eb5e5925,10849,['2023-06']
599,2023-06-21 17:11:59,599,1.920390776,6.3359375,MedCon,3.299295945,19240566,b827eb5e5925,10849,['2023-06']
600,2023-06-21 17:25:30,600,0.299197485,2.3828125,LowCon,7.964012471,19240566,b827eb5e5925,10849,['2023-06']
601,2023-06-21 17:28:21,601,2.503039166,3.9609375,LowCon,1.582451267,19240566,b827eb5e5925,10849,['2023-06']
602,2023-06-21 17:32:28,602,0,0.53125,LowCon,0,19240566,b827eb5e5925,10849,['2023-06']
603,2023-06-21 17:33:16,603,0.654601494,1.84375,LowCon,2.816599131,19240566,b827eb5e5925,10849,['2023-06']
604,2023-06-21 18:52:40,604,0,0,LowCon,0,19240566,b827eb5e5925,10849,['2023-06']
605,2023-06-21 20:25:25,605,0,0,LowCon,0,19240566,b827eb5e5925,10849,['2023-06']
606,2023-06-21 20:34:08,606,0,0,LowCon,0,19240566,b827eb5e5925,10849,['2023-06']
607,2023-06-21 20:53:11,607,0,0,LowCon,0,19240566,b827eb5e5925,10849,['2023-06']
608,2023-06-21 21:41:23,608,6.557411495,0.265625,LowCon,0.0405076,19240566,b827eb5e5925,10849,['2023-06']
609,2023-06-21 22:01:07,609,0,0,LowCon,0,19240566,b827eb5e5925,10849,['2023-06']
610,2023-06-21 22:27:14,610,0.159009445,0.53125,LowCon,3.340996504,19240566,b827eb5e5925,10849,['2023-06']
611,2023-06-21 22:43:05,611,0,0,LowCon,0,19240566,b827eb5e5925,10849,['2023-06']
612,2023-06-21 23:37:55,612,0,0,LowCon,0,19240566,b827eb5e5925,10849,['2023-06']
613,2023-06-22 00:24:26,613,0,0,LowCon,0,19240566,b827eb5e5925,10849,['2023-06']
614,2023-06-22 00:34:24,614,0,0.265625,LowCon,0,19240566,b827eb5e5925,10849,['2023-06']
615,2023-06-22 03:34:15,615,0,0.2578125,LowCon,0,19240566,b827eb5e5925,10849,['2023-06']
616,2023-06-22 03:37:55,616,0,0.265625,LowCon,0,19240566,b827eb5e5925,10849,['2023-06']
617,2023-06-22 05:08:10,617,0,0,LowCon,0,19240566,b827eb5e5925,10849,['2023-06']
618,2023-06-22 07:24:47,618,0,0,LowCon,0,19240566,b827eb5e5925,10849,['2023-06']
619,2023-06-22 07:57:16,619,0,0.53125,LowCon,0,19240566,b827eb5e5925,10849,['2023-06']
620,2023-06-22 09:02:17,620,0,0,LowCon,0,19240566,b827eb5e5925,10849,['2023-06']
621,2023-06-22 09:36:41,621,0,0,LowCon,0,19240566,b827eb5e5925,10849,['2023-06']
622,2023-06-22 09:42:55,622,0,0,LowCon,0,19240566,b827eb5e5925,10849,['2023-06']
623,2023-06-22 12:06:17,623,0,0,LowCon,0,19240566,b827eb5e5925,10849,['2023-06']
624,2023-06-22 12:18:02,624,0,0,LowCon,0,19240566,b827eb5e5925,10849,['2023-06']
625,2023-06-22 12:29:45,625,0,0,LowCon,0,19240566,b827eb5e5925,10849,['2023-06']
626,2023-06-22 14:04:15,626,0,0,LowCon,0,19240566,b827eb5e5925,10849,['2023-06']
627,2023-06-22 14:14:59,627,0,0.5234375,LowCon,0,19240566,b827eb5e5925,10849,['2023-06']
628,2023-06-22 14:33:58,628,0,0,LowCon,0,19240566,b827eb5e5925,10849,['2023-06']
629,2023-06-22 14:41:25,629,0,0,LowCon,0,19240566,b827eb5e5925,10849,['2023-06']
630,2023-06-22 14:51:46,630,0,0.265625,LowCon,0,19240566,b827eb5e5925,10849,['2023-06']
631,2023-06-22 15:49:11,631,0,0,LowCon,0,19240566,b827eb5e5925,10849,['2023-06']
632,2023-06-22 16:16:48,632,0,0,LowCon,0,19240566,b827eb5e5925,10849,['2023-06']
633,2023-06-22 16:54:18,633,0,0,LowCon,0,19240566,b827eb5e5925,10849,['2023-06']
634,2023-06-22 17:07:34,634,0,0.265625,LowCon,0,19240566,b827eb5e5925,10849,['2023-06']
635,2023-06-22 17:34:01,635,0,0,LowCon,0,19240566,b827eb5e5925,10849,['2023-06']
636,2023-06-22 17:34:41,636,0,0,LowCon,0,19240566,b827eb5e5925,10849,['2023-06']
637,2023-06-22 17:50:18,637,0,0,LowCon,0,19240566,b827eb5e5925,10849,['2023-06']
638,2023-06-22 17:57:27,638,0,0,LowCon,0,19240566,b827eb5e5925,10849,['2023-06']
639,2023-06-22 18:08:32,639,0,0,LowCon,0,19240566,b827eb5e5925,10849,['2023-06']
640,2023-06-22 18:28:26,640,7.09743368,0.265625,LowCon,0.037425499,19240566,b827eb5e5925,10849,['2023-06']
641,2023-06-22 18:51:38,641,0,0,LowCon,0,19240566,b827eb5e5925,10849,['2023-06']
642,2023-06-22 19:34:48,642,0,0,LowCon,0,19240566,b827eb5e5925,10849,['2023-06']
643,2023-06-22 19:47:01,643,0,0.265625,LowCon,0,19240566,b827eb5e5925,10849,['2023-06']
644,2023-06-22 19:51:06,644,0,0,LowCon,0,19240566,b827eb5e5925,10849,['2023-06']
645,2023-06-22 20:09:56,645,0.155198446,0.5234375,LowCon,3.372698069,19240566,b827eb5e5925,10849,['2023-06']
646,2023-06-22 20:47:45,646,0,0,LowCon,0,19240566,b827eb5e5925,10849,['2023-06']
647,2023-06-22 21:02:14,647,0,0.265625,LowCon,0,19240566,b827eb5e5925,10849,['2023-06']
648,2023-06-22 21:39:17,648,0,0,LowCon,0,19240566,b827eb5e5925,10849,['2023-06']
649,2023-06-22 21:45:13,649,0,0,LowCon,0,19240566,b827eb5e5925,10849,['2023-06']
650,2023-06-22 21:55:39,650,0,0.265625,LowCon,0,19240566,b827eb5e5925,10849,['2023-06']
651,2023-06-22 22:01:02,651,0,0,LowCon,0,19240566,b827eb5e5925,10849,['2023-06']
652,2023-06-22 22:12:04,652,0,0,LowCon,0,19240566,b827eb5e5925,10849,['2023-06']
653,2023-06-22 22:29:06,653,0,0,LowCon,0,19240566,b827eb5e5925,10849,['2023-06']
654,2023-06-22 22:39:46,654,0,0,LowCon,0,19240566,b827eb5e5925,10849,['2023-06']
655,2023-06-22 22:57:14,655,0,0.265625,LowCon,0,19240566,b827eb5e5925,10849,['2023-06']
656,2023-06-22 23:25:27,656,0,0,LowCon,0,19240566,b827eb5e5925,10849,['2023-06']
657,2023-06-23 00:10:34,657,0,0,LowCon,0,19240566,b827eb5e5925,10849,['2023-06']
658,2023-06-23 00:23:35,658,0.185782179,0.7890625,LowCon,4.247245383,19240566,b827eb5e5925,10849,['2023-06']
659,2023-06-23 00:35:28,659,0,0.265625,LowCon,0,19240566,b827eb5e5925,10849,['2023-06']
660,2023-06-23 01:50:16,660,0,0.53125,LowCon,0,19240566,b827eb5e5925,10849,['2023-06']
661,2023-06-23 02:20:28,661,0,0,LowCon,0,19240566,b827eb5e5925,10849,['2023-06']
662,2023-06-23 02:29:00,662,0,0,LowCon,0,19240566,b827eb5e5925,10849,['2023-06']
663,2023-06-23 02:39:10,663,0,0,LowCon,0,19240566,b827eb5e5925,10849,['2023-06']
664,2023-06-23 02:52:13,664,0,0,LowCon,0,19240566,b827eb5e5925,10849,['2023-06']
665,2023-06-23 03:05:18,665,0,0.2578125,LowCon,0,19240566,b827eb5e5925,10849,['2023-06']
666,2023-06-23 03:52:14,666,0,0,LowCon,0,19240566,b827eb5e5925,10849,['2023-06']
667,2023-06-23 04:14:18,667,0,0,LowCon,0,19240566,b827eb5e5925,10849,['2023-06']
668,2023-06-23 04:47:44,668,0,0.265625,LowCon,0,19240566,b827eb5e5925,10849,['2023-06']
669,2023-06-23 05:07:14,669,0,0,LowCon,0,19240566,b827eb5e5925,10849,['2023-06']
670,2023-06-23 05:54:44,670,0,0,LowCon,0,19240566,b827eb5e5925,10849,['2023-06']
671,2023-06-23 06:01:38,671,0,0.265625,LowCon,0,19240566,b827eb5e5925,10849,['2023-06']
672,2023-06-23 06:42:21,672,0,0,LowCon,0,19240566,b827eb5e5925,10849,['2023-06']
673,2023-06-23 06:43:40,673,0,0,LowCon,0,19240566,b827eb5e5925,10849,['2023-06']
674,2023-06-23 07:38:08,674,0,0.265625,LowCon,0,19240566,b827eb5e5925,10849,['2023-06']
675,2023-06-23 07:45:01,675,0,0.53125,LowCon,0,19240566,b827eb5e5925,10849,['2023-06']
676,2023-06-23 08:18:32,676,0,0,LowCon,0,19240566,b827eb5e5925,10849,['2023-06']
677,2023-06-23 08:46:53,677,0,0.2578125,LowCon,0,19240566,b827eb5e5925,10849,['2023-06']
678,2023-06-23 09:27:27,678,0,0,LowCon,0,19240566,b827eb5e5925,10849,['2023-06']
679,2023-06-23 09:37:19,679,0,0,LowCon,0,19240566,b827eb5e5925,10849,['2023-06']
680,2023-06-23 10:32:28,680,0,0,LowCon,0,19240566,b827eb5e5925,10849,['2023-06']
681,2023-06-23 10:41:43,681,0,0.265625,LowCon,0,19240566,b827eb5e5925,10849,['2023-06']
682,2023-06-23 10:56:50,682,0,0,LowCon,0,19240566,b827eb5e5925,10849,['2023-06']
683,2023-06-23 11:16:05,683,0,0,LowCon,0,19240566,b827eb5e5925,10849,['2023-06']
684,2023-06-23 11:27:38,684,0,0,LowCon,0,19240566,b827eb5e5925,10849,['2023-06']
685,2023-06-23 12:03:18,685,0,0.265625,LowCon,0,19240566,b827eb5e5925,10849,['2023-06']
686,2023-06-23 12:14:02,686,0,0,LowCon,0,19240566,b827eb5e5925,10849,['2023-06']
687,2023-06-23 13:10:09,687,0,0,LowCon,0,19240566,b827eb5e5925,10849,['2023-06']
688,2023-06-23 13:19:13,688,0,0,LowCon,0,19240566,b827eb5e5925,10849,['2023-06']
689,2023-06-23 13:34:25,689,0,0.265625,LowCon,0,19240566,b827eb5e5925,10849,['2023-06']
690,2023-06-23 13:39:20,690,0,0,LowCon,0,19240566,b827eb5e5925,10849,['2023-06']
691,2023-06-23 14:16:20,691,0,0.5234375,LowCon,0,19240566,b827eb5e5925,10849,['2023-06']
692,2023-06-23 14:22:43,692,0,0,LowCon,0,19240566,b827eb5e5925,10849,['2023-06']
693,2023-06-23 14:23:32,693,0,0,LowCon,0,19240566,b827eb5e5925,10849,['2023-06']
694,2023-06-23 14:37:18,694,0,0,LowCon,0,19240566,b827eb5e5925,10849,['2023-06']
695,2023-06-23 14:42:45,695,0,0,LowCon,0,19240566,b827eb5e5925,10849,['2023-06']
696,2023-06-23 14:50:14,696,0,0,LowCon,0,19240566,b827eb5e5925,10849,['2023-06']
697,2023-06-23 15:06:04,697,0,0.265625,LowCon,0,19240566,b827eb5e5925,10849,['2023-06']
698,2023-06-23 15:35:36,698,0,0,LowCon,0,19240566,b827eb5e5925,10849,['2023-06']
699,2023-06-23 16:07:17,699,0,0,LowCon,0,19240566,b827eb5e5925,10849,['2023-06']
700,2023-06-23 16:14:55,700,0,0,LowCon,0,19240566,b827eb5e5925,10849,['2023-06']
701,2023-06-23 16:21:04,701,6.85547531,0.265625,LowCon,0.038746402,19240566,b827eb5e5925,10849,['2023-06']
702,2023-06-23 16:33:18,702,0,0,LowCon,0,19240566,b827eb5e5925,10849,['2023-06']
703,2023-06-23 17:45:13,703,0,0,LowCon,0,19240566,b827eb5e5925,10849,['2023-06']
704,2023-06-23 17:54:51,704,0,0.265625,LowCon,0,19240566,b827eb5e5925,10849,['2023-06']
705,2023-06-23 18:33:46,705,0,0,LowCon,0,19240566,b827eb5e5925,10849,['2023-06']
706,2023-06-23 18:41:15,706,0,0,LowCon,0,19240566,b827eb5e5925,10849,['2023-06']
707,2023-06-23 19:08:31,707,6.417892253,0.265625,LowCon,0.041388199,19240566,b827eb5e5925,10849,['2023-06']
708,2023-06-23 19:20:13,708,0,0,LowCon,0,19240566,b827eb5e5925,10849,['2023-06']
709,2023-06-23 19:46:02,709,0,0,LowCon,0,19240566,b827eb5e5925,10849,['2023-06']
710,2023-06-23 20:31:07,710,0.076842291,0.5234375,LowCon,6.811841452,19240566,b827eb5e5925,10849,['2023-06']
711,2023-06-23 20:39:55,711,0,0,LowCon,0,19240566,b827eb5e5925,10849,['2023-06']
712,2023-06-23 20:49:51,712,0,0.265625,LowCon,0,19240566,b827eb5e5925,10849,['2023-06']
713,2023-06-23 21:14:03,713,0,0,LowCon,0,19240566,b827eb5e5925,10849,['2023-06']
714,2023-06-23 21:26:55,714,0,0,LowCon,0,19240566,b827eb5e5925,10849,['2023-06']
715,2023-06-23 21:34:45,715,0,0,LowCon,0,19240566,b827eb5e5925,10849,['2023-06']
716,2023-06-23 21:57:42,716,0,0.265625,LowCon,0,19240566,b827eb5e5925,10849,['2023-06']
717,2023-06-23 22:09:19,717,0,0,LowCon,0,19240566,b827eb5e5925,10849,['2023-06']
718,2023-06-23 22:11:55,718,0,0,LowCon,0,19240566,b827eb5e5925,10849,['2023-06']
719,2023-06-23 22:20:25,719,0,0,LowCon,0,19240566,b827eb5e5925,10849,['2023-06']
720,2023-06-23 22:33:08,720,0,0.265625,LowCon,0,19240566,b827eb5e5925,10849,['2023-06']
721,2023-06-23 23:18:42,721,0,0,LowCon,0,19240566,b827eb5e5925,10849,['2023-06']
722,2023-06-23 23:19:49,722,0,0,LowCon,0,19240566,b827eb5e5925,10849,['2023-06']
723,2023-06-23 23:46:36,723,0,0,LowCon,0,19240566,b827eb5e5925,10849,['2023-06']
724,2023-06-24 00:02:19,724,0,0.265625,LowCon,0,19240566,b827eb5e5925,10849,['2023-06']
725,2023-06-24 00:21:04,725,0,0,LowCon,0,19240566,b827eb5e5925,10849,['2023-06']
726,2023-06-24 00:31:30,726,0,0,LowCon,0,19240566,b827eb5e5925,10849,['2023-06']
727,2023-06-24 00:41:40,727,0,0,LowCon,0,19240566,b827eb5e5925,10849,['2023-06']
728,2023-06-24 01:44:03,728,0,0,LowCon,0,19240566,b827eb5e5925,10849,['2023-06']
729,2023-06-24 01:57:55,729,0,0.2578125,LowCon,0,19240566,b827eb5e5925,10849,['2023-06']
730,2023-06-24 02:18:39,730,0,0,LowCon,0,19240566,b827eb5e5925,10849,['2023-06']
731,2023-06-24 02:47:58,731,0,0.53125,LowCon,0,19240566,b827eb5e5925,10849,['2023-06']
732,2023-06-24 02:59:11,732,0,0,LowCon,0,19240566,b827eb5e5925,10849,['2023-06']
733,2023-06-24 03:05:27,733,0,0,LowCon,0,19240566,b827eb5e5925,10849,['2023-06']
734,2023-06-24 03:16:41,734,0,0.265625,LowCon,0,19240566,b827eb5e5925,10849,['2023-06']
735,2023-06-24 03:44:01,735,0,0,LowCon,0,19240566,b827eb5e5925,10849,['2023-06']
736,2023-06-24 04:01:54,736,0,0,LowCon,0,19240566,b827eb5e5925,10849,['2023-06']
737,2023-06-24 05:07:35,737,0,0,LowCon,0,19240566,b827eb5e5925,10849,['2023-06']
738,2023-06-24 05:26:18,738,5.069595269,0.265625,LowCon,0.052395701,19240566,b827eb5e5925,10849,['2023-06']
739,2023-06-24 05:36:47,739,0,0,LowCon,0,19240566,b827eb5e5925,10849,['2023-06']
740,2023-06-24 06:01:05,740,0,0,LowCon,0,19240566,b827eb5e5925,10849,['2023-06']
741,2023-06-24 07:20:25,741,6.296110543,0.2578125,LowCon,0.040947899,19240566,b827eb5e5925,10849,['2023-06']
742,2023-06-24 07:27:52,742,0,0,LowCon,0,19240566,b827eb5e5925,10849,['2023-06']
743,2023-06-24 07:28:49,743,0,0,LowCon,0,19240566,b827eb5e5925,10849,['2023-06']
744,2023-06-24 07:39:53,744,0,0,LowCon,0,19240566,b827eb5e5925,10849,['2023-06']
745,2023-06-24 08:20:31,745,0,0,LowCon,0,19240566,b827eb5e5925,10849,['2023-06']
746,2023-06-24 08:34:50,746,0,0,LowCon,0,19240566,b827eb5e5925,10849,['2023-06']
747,2023-06-24 08:48:22,747,6.85547531,0.53125,LowCon,0.077492803,19240566,b827eb5e5925,10849,['2023-06']
748,2023-06-24 08:53:24,748,13.95290899,0.796875,LowCon,0.057111746,19240566,b827eb5e5925,10849,['2023-06']
749,2023-06-24 08:56:00,749,6.629470882,0.53125,LowCon,0.0801346,19240566,b827eb5e5925,10849,['2023-06']
750,2023-06-24 08:57:52,750,7.268455987,0.53125,LowCon,0.073089801,19240566,b827eb5e5925,10849,['2023-06']
751,2023-06-24 08:58:10,751,7.357095593,0.53125,LowCon,0.072209202,19240566,b827eb5e5925,10849,['2023-06']
752,2023-06-24 09:00:22,752,6.85547531,0.53125,LowCon,0.077492803,19240566,b827eb5e5925,10849,['2023-06']
753,2023-06-24 09:00:41,753,14.53902244,0.796875,LowCon,0.054809393,19240566,b827eb5e5925,10849,['2023-06']
754,2023-06-24 09:03:52,754,13.42117623,0.796875,LowCon,0.059374453,19240566,b827eb5e5925,10849,['2023-06']
755,2023-06-24 09:05:29,755,13.91450709,0.796875,LowCon,0.057269366,19240566,b827eb5e5925,10849,['2023-06']
756,2023-06-24 09:08:47,756,7.268455987,0.53125,LowCon,0.073089801,19240566,b827eb5e5925,10849,['2023-06']
757,2023-06-24 09:12:09,757,6.85547531,0.796875,LowCon,0.116239205,19240566,b827eb5e5925,10849,['2023-06']
758,2023-06-24 09:19:43,758,5.74554136,0.53125,LowCon,0.092463002,19240566,b827eb5e5925,10849,['2023-06']
759,2023-06-24 09:21:12,759,0.084163203,0.796875,LowCon,9.468211412,19240566,b827eb5e5925,10849,['2023-06']
760,2023-06-24 09:41:24,760,0,0,LowCon,0,19240566,b827eb5e5925,10849,['2023-06']
761,2023-06-24 09:59:35,761,6.434486444,0.2578125,LowCon,0.0400673,19240566,b827eb5e5925,10849,['2023-06']
762,2023-06-24 10:11:32,762,0,0,LowCon,0,19240566,b827eb5e5925,10849,['2023-06']
763,2023-06-24 10:19:35,763,0,0,LowCon,0,19240566,b827eb5e5925,10849,['2023-06']
764,2023-06-24 10:38:24,764,0,0.265625,LowCon,0,19240566,b827eb5e5925,10849,['2023-06']
765,2023-06-24 11:05:53,765,0,0,LowCon,0,19240566,b827eb5e5925,10849,['2023-06']
766,2023-06-24 11:15:58,766,0,0,LowCon,0,19240566,b827eb5e5925,10849,['2023-06']
767,2023-06-24 11:43:20,767,0,0,LowCon,0,19240566,b827eb5e5925,10849,['2023-06']
768,2023-06-24 11:53:29,768,0,0,LowCon,0,19240566,b827eb5e5925,10849,['2023-06']
769,2023-06-24 12:07:10,769,0,0,LowCon,0,19240566,b827eb5e5925,10849,['2023-06']
770,2023-06-24 12:14:48,770,0,0,LowCon,0,19240566,b827eb5e5925,10849,['2023-06']
771,2023-06-24 12:22:11,771,3.507452735,0.265625,LowCon,0.075731598,19240566,b827eb5e5925,10849,['2023-06']
772,2023-06-24 12:27:24,772,0,0,LowCon,0,19240566,b827eb5e5925,10849,['2023-06']
773,2023-06-24 12:55:30,773,0,0,LowCon,0,19240566,b827eb5e5925,10849,['2023-06']
774,2023-06-24 13:20:06,774,0,0.265625,LowCon,0,19240566,b827eb5e5925,10849,['2023-06']
775,2023-06-24 13:26:56,775,0,0,LowCon,0,19240566,b827eb5e5925,10849,['2023-06']
776,2023-06-24 13:46:52,776,0,0,LowCon,0,19240566,b827eb5e5925,10849,['2023-06']
777,2023-06-24 13:57:20,777,0,0,LowCon,0,19240566,b827eb5e5925,10849,['2023-06']
778,2023-06-24 14:19:30,778,0,0,LowCon,0,19240566,b827eb5e5925,10849,['2023-06']
779,2023-06-24 14:25:21,779,0,0,LowCon,0,19240566,b827eb5e5925,10849,['2023-06']
780,2023-06-24 14:33:40,780,3.243450886,0.265625,LowCon,0.081895798,19240566,b827eb5e5925,10849,['2023-06']
781,2023-06-24 15:26:02,781,0,0,LowCon,0,19240566,b827eb5e5925,10849,['2023-06']
782,2023-06-24 15:43:08,782,0,0,LowCon,0,19240566,b827eb5e5925,10849,['2023-06']
783,2023-06-24 16:01:02,783,0.157371032,0.7890625,LowCon,5.014026333,19240566,b827eb5e5925,10849,['2023-06']
784,2023-06-24 16:18:10,784,0,0,LowCon,0,19240566,b827eb5e5925,10849,['2023-06']
785,2023-06-24 16:24:57,785,0,0,LowCon,0,19240566,b827eb5e5925,10849,['2023-06']
786,2023-06-24 16:32:12,786,0,0,LowCon,0,19240566,b827eb5e5925,10849,['2023-06']
787,2023-06-24 17:09:03,787,0,0.265625,LowCon,0,19240566,b827eb5e5925,10849,['2023-06']
788,2023-06-24 17:23:47,788,0,0,LowCon,0,19240566,b827eb5e5925,10849,['2023-06']
789,2023-06-24 17:39:00,789,0,0,LowCon,0,19240566,b827eb5e5925,10849,['2023-06']
790,2023-06-24 17:57:03,790,0,0.265625,LowCon,0,19240566,b827eb5e5925,10849,['2023-06']
791,2023-06-24 18:10:31,791,0,0,LowCon,0,19240566,b827eb5e5925,10849,['2023-06']
792,2023-06-24 18:19:54,792,0,0,LowCon,0,19240566,b827eb5e5925,10849,['2023-06']
793,2023-06-24 19:19:39,793,6.888685631,0.2578125,LowCon,0.037425499,19240566,b827eb5e5925,10849,['2023-06']
794,2023-06-24 20:18:36,794,0,0.265625,LowCon,0,19240566,b827eb5e5925,10849,['2023-06']
795,2023-06-24 20:43:48,795,0,0,LowCon,0,19240566,b827eb5e5925,10849,['2023-06']
796,2023-06-24 20:51:52,796,0,0.265625,LowCon,0,19240566,b827eb5e5925,10849,['2023-06']
797,2023-06-24 21:59:13,797,0,0,LowCon,0,19240566,b827eb5e5925,10849,['2023-06']
798,2023-06-24 22:01:04,798,0,0,LowCon,0,19240566,b827eb5e5925,10849,['2023-06']
799,2023-06-24 22:19:41,799,0,0,LowCon,0,19240566,b827eb5e5925,10849,['2023-06']
800,2023-06-24 22:42:18,800,0,0,LowCon,0,19240566,b827eb5e5925,10849,['2023-06']
801,2023-06-24 22:50:08,801,0,0.53125,LowCon,0,19240566,b827eb5e5925,10849,['2023-06']
802,2023-06-24 22:53:01,802,0,0,LowCon,0,19240566,b827eb5e5925,10849,['2023-06']
803,2023-06-24 22:58:40,803,0,0.265625,LowCon,0,19240566,b827eb5e5925,10849,['2023-06']
804,2023-06-24 23:21:30,804,0,0,LowCon,0,19240566,b827eb5e5925,10849,['2023-06']
805,2023-06-24 23:36:34,805,0,0,LowCon,0,19240566,b827eb5e5925,10849,['2023-06']
806,2023-06-24 23:49:32,806,0,0,LowCon,0,19240566,b827eb5e5925,10849,['2023-06']
807,2023-06-24 23:59:24,807,0,0,LowCon,0,19240566,b827eb5e5925,10849,['2023-06']
808,2023-06-25 00:24:06,808,0,0,LowCon,0,19240566,b827eb5e5925,10849,['2023-06']
809,2023-06-25 00:35:24,809,0,0.2578125,LowCon,0,19240566,b827eb5e5925,10849,['2023-06']
810,2023-06-25 00:43:00,810,0,0,LowCon,0,19240566,b827eb5e5925,10849,['2023-06']
811,2023-06-25 00:43:15,811,0,0.265625,LowCon,0,19240566,b827eb5e5925,10849,['2023-06']
812,2023-06-25 02:54:26,812,0,0,LowCon,0,19240566,b827eb5e5925,10849,['2023-06']
813,2023-06-25 03:07:02,813,0,0,LowCon,0,19240566,b827eb5e5925,10849,['2023-06']
814,2023-06-25 03:14:45,814,0,0,LowCon,0,19240566,b827eb5e5925,10849,['2023-06']
815,2023-06-25 03:34:30,815,0,0,LowCon,0,19240566,b827eb5e5925,10849,['2023-06']
816,2023-06-25 03:41:52,816,0,0.265625,LowCon,0,19240566,b827eb5e5925,10849,['2023-06']
817,2023-06-25 04:34:37,817,0,0,LowCon,0,19240566,b827eb5e5925,10849,['2023-06']
818,2023-06-25 04:48:10,818,0,0.265625,LowCon,0,19240566,b827eb5e5925,10849,['2023-06']
819,2023-06-25 05:37:25,819,0.079400086,0.265625,LowCon,3.34539938,19240566,b827eb5e5925,10849,['2023-06']
820,2023-06-27 12:21:39,820,0,0.265625,LowCon,0,19240566,b827eb5e5925,10849,['2023-06']
821,2023-06-27 13:05:48,821,0,0,LowCon,0,19240566,b827eb5e5925,10849,['2023-06']
822,2023-06-27 13:26:03,822,0,0,LowCon,0,19240566,b827eb5e5925,10849,['2023-06']
823,2023-06-27 14:03:11,823,0,0,LowCon,0,19240566,b827eb5e5925,10849,['2023-06']
824,2023-06-27 14:26:24,824,0,0.265625,LowCon,0,19240566,b827eb5e5925,10849,['2023-06']
825,2023-06-27 15:08:33,825,0,0,LowCon,0,19240566,b827eb5e5925,10849,['2023-06']
826,2023-06-27 15:15:13,826,0,0,LowCon,0,19240566,b827eb5e5925,10849,['2023-06']
827,2023-06-27 15:34:03,827,0,0,LowCon,0,19240566,b827eb5e5925,10849,['2023-06']
828,2023-06-27 15:53:59,828,20.20361887,0.7734375,LowCon,0.038282127,19240566,b827eb5e5925,10849,['2023-06']
829,2023-06-27 16:34:34,829,0,0,LowCon,0,19240566,b827eb5e5925,10849,['2023-06']
830,2023-06-27 16:45:21,830,0,0,LowCon,0,19240566,b827eb5e5925,10849,['2023-06']
831,2023-06-27 16:53:07,831,0,0,LowCon,0,19240566,b827eb5e5925,10849,['2023-06']
832,2023-06-27 17:10:39,832,0,0.265625,LowCon,0,19240566,b827eb5e5925,10849,['2023-06']
833,2023-06-27 17:17:50,833,0,0,LowCon,0,19240566,b827eb5e5925,10849,['2023-06']
834,2023-06-27 17:31:18,834,0,0,LowCon,0,19240566,b827eb5e5925,10849,['2023-06']
835,2023-06-27 17:52:20,835,0,0,LowCon,0,19240566,b827eb5e5925,10849,['2023-06']
836,2023-06-27 17:58:29,836,0,0,LowCon,0,19240566,b827eb5e5925,10849,['2023-06']
837,2023-06-27 18:14:08,837,0,0,LowCon,0,19240566,b827eb5e5925,10849,['2023-06']
838,2023-06-27 18:45:04,838,0,0,LowCon,0,19240566,b827eb5e5925,10849,['2023-06']
839,2023-06-27 18:57:10,839,0,0.265625,LowCon,0,19240566,b827eb5e5925,10849,['2023-06']
840,2023-06-27 19:10:02,840,0,0,LowCon,0,19240566,b827eb5e5925,10849,['2023-06']
841,2023-06-27 19:15:36,841,0,0,LowCon,0,19240566,b827eb5e5925,10849,['2023-06']
842,2023-06-27 19:35:51,842,0.157927183,0.53125,LowCon,3.363892078,19240566,b827eb5e5925,10849,['2023-06']
843,2023-06-27 20:33:28,843,0,0,LowCon,0,19240566,b827eb5e5925,10849,['2023-06']
844,2023-06-27 20:40:26,844,0,0,LowCon,0,19240566,b827eb5e5925,10849,['2023-06']
845,2023-06-27 20:47:04,845,0,0.265625,LowCon,0,19240566,b827eb5e5925,10849,['2023-06']
846,2023-06-27 21:34:36,846,0,0,LowCon,0,19240566,b827eb5e5925,10849,['2023-06']
847,2023-06-27 22:27:18,847,0,0,LowCon,0,19240566,b827eb5e5925,10849,['2023-06']
848,2023-06-27 22:38:07,848,0,0,LowCon,0,19240566,b827eb5e5925,10849,['2023-06']
849,2023-06-27 22:47:50,849,0,0,LowCon,0,19240566,b827eb5e5925,10849,['2023-06']
850,2023-06-27 23:03:12,850,0,0,LowCon,0,19240566,b827eb5e5925,10849,['2023-06']
851,2023-06-27 23:26:32,851,0,0,LowCon,0,19240566,b827eb5e5925,10849,['2023-06']
852,2023-06-27 23:34:46,852,0,0.2578125,LowCon,0,19240566,b827eb5e5925,10849,['2023-06']
853,2023-06-28 00:18:24,853,0,0,LowCon,0,19240566,b827eb5e5925,10849,['2023-06']
854,2023-06-28 00:29:45,854,0,0,LowCon,0,19240566,b827eb5e5925,10849,['2023-06']
855,2023-06-28 00:35:50,855,0,0.265625,LowCon,0,19240566,b827eb5e5925,10849,['2023-06']
856,2023-06-28 01:40:32,856,0,0,LowCon,0,19240566,b827eb5e5925,10849,['2023-06']
857,2023-06-28 02:55:20,857,0,0,LowCon,0,19240566,b827eb5e5925,10849,['2023-06']
858,2023-06-28 03:05:14,858,0,0,LowCon,0,19240566,b827eb5e5925,10849,['2023-06']
859,2023-06-28 03:14:28,859,0,0,LowCon,0,19240566,b827eb5e5925,10849,['2023-06']
860,2023-06-28 03:22:29,860,6.284185752,0.265625,LowCon,0.042268801,19240566,b827eb5e5925,10849,['2023-06']
861,2023-06-28 03:27:58,861,0.079098184,0.53125,LowCon,6.71633625,19240566,b827eb5e5925,10849,['2023-06']
862,2023-06-28 03:43:34,862,0,0,LowCon,0,19240566,b827eb5e5925,10849,['2023-06']
863,2023-06-28 03:56:54,863,0,0,LowCon,0,19240566,b827eb5e5925,10849,['2023-06']
864,2023-06-28 04:10:11,864,0,0,LowCon,0,19240566,b827eb5e5925,10849,['2023-06']
865,2023-06-28 05:19:09,865,0,0.2578125,LowCon,0,19240566,b827eb5e5925,10849,['2023-06']
866,2023-06-28 05:26:36,866,0,0,LowCon,0,19240566,b827eb5e5925,10849,['2023-06']
867,2023-06-28 05:50:47,867,0,0,LowCon,0,19240566,b827eb5e5925,10849,['2023-06']
868,2023-06-28 06:07:35,868,0,0,LowCon,0,19240566,b827eb5e5925,10849,['2023-06']
869,2023-06-28 06:28:17,869,0,0.265625,LowCon,0,19240566,b827eb5e5925,10849,['2023-06']
870,2023-06-28 07:08:07,870,0,0,LowCon,0,19240566,b827eb5e5925,10849,['2023-06']
871,2023-06-28 07:24:30,871,0,0,LowCon,0,19240566,b827eb5e5925,10849,['2023-06']
872,2023-06-28 08:19:42,872,0,0.265625,LowCon,0,19240566,b827eb5e5925,10849,['2023-06']
873,2023-06-28 08:25:49,873,0,0,LowCon,0,19240566,b827eb5e5925,10849,['2023-06']
874,2023-06-28 09:04:03,874,0,0,LowCon,0,19240566,b827eb5e5925,10849,['2023-06']
875,2023-06-28 09:29:52,875,0,0,LowCon,0,19240566,b827eb5e5925,10849,['2023-06']
876,2023-06-28 09:36:06,876,0,0.265625,LowCon,0,19240566,b827eb5e5925,10849,['2023-06']
877,2023-06-28 10:16:43,877,0,0,LowCon,0,19240566,b827eb5e5925,10849,['2023-06']
878,2023-06-28 10:21:52,878,0,0,LowCon,0,19240566,b827eb5e5925,10849,['2023-06']
879,2023-06-28 11:22:22,879,0,0,LowCon,0,19240566,b827eb5e5925,10849,['2023-06']
880,2023-06-28 11:31:32,880,0,0.265625,LowCon,0,19240566,b827eb5e5925,10849,['2023-06']
881,2023-06-28 11:41:40,881,0.07971483,0.265625,LowCon,3.332190514,19240566,b827eb5e5925,10849,['2023-06']
882,2023-06-28 12:00:28,882,0,0.2578125,LowCon,0,19240566,b827eb5e5925,10849,['2023-06']
883,2023-06-28 12:13:16,883,0,0,LowCon,0,19240566,b827eb5e5925,10849,['2023-06']
884,2023-06-28 12:26:31,884,0,0,LowCon,0,19240566,b827eb5e5925,10849,['2023-06']
885,2023-06-28 12:42:54,885,0,0,LowCon,0,19240566,b827eb5e5925,10849,['2023-06']
886,2023-06-28 12:48:14,886,0,0,LowCon,0,19240566,b827eb5e5925,10849,['2023-06']
887,2023-06-28 13:18:03,887,0,0,LowCon,0,19240566,b827eb5e5925,10849,['2023-06']
888,2023-06-28 13:26:54,888,0,0,LowCon,0,19240566,b827eb5e5925,10849,['2023-06']
889,2023-06-28 13:56:10,889,0,0.265625,LowCon,0,19240566,b827eb5e5925,10849,['2023-06']
890,2023-06-28 14:02:58,890,0,0,LowCon,0,19240566,b827eb5e5925,10849,['2023-06']
891,2023-06-28 14:26:35,891,0,0,LowCon,0,19240566,b827eb5e5925,10849,['2023-06']
892,2023-06-28 14:38:40,892,0,0,LowCon,0,19240566,b827eb5e5925,10849,['2023-06']
893,2023-06-28 15:12:14,893,0,0.265625,LowCon,0,19240566,b827eb5e5925,10849,['2023-06']
894,2023-06-28 15:44:06,894,0,0,LowCon,0,19240566,b827eb5e5925,10849,['2023-06']
895,2023-06-28 15:48:09,895,0,0,LowCon,0,19240566,b827eb5e5925,10849,['2023-06']
896,2023-06-28 15:57:11,896,0,0,LowCon,0,19240566,b827eb5e5925,10849,['2023-06']
897,2023-06-28 16:05:37,897,0,0,LowCon,0,19240566,b827eb5e5925,10849,['2023-06']
898,2023-06-28 16:11:41,898,0,0,LowCon,0,19240566,b827eb5e5925,10849,['2023-06']
899,2023-06-28 16:43:26,899,0,0,LowCon,0,19240566,b827eb5e5925,10849,['2023-06']
900,2023-06-28 17:10:02,900,0,0.265625,LowCon,0,19240566,b827eb5e5925,10849,['2023-06']
901,2023-06-28 17:25:33,901,0,0,LowCon,0,19240566,b827eb5e5925,10849,['2023-06']
902,2023-06-28 17:35:42,902,2.556279129,0.265625,LowCon,0.103910796,19240566,b827eb5e5925,10849,['2023-06']
903,2023-06-28 18:03:57,903,0,0,LowCon,0,19240566,b827eb5e5925,10849,['2023-06']
904,2023-06-28 18:35:33,904,0,0,LowCon,0,19240566,b827eb5e5925,10849,['2023-06']
905,2023-06-28 18:52:45,905,0,0.2578125,LowCon,0,19240566,b827eb5e5925,10849,['2023-06']
906,2023-06-28 19:40:14,906,0,0.53125,LowCon,0,19240566,b827eb5e5925,10849,['2023-06']
907,2023-06-28 20:06:50,907,0,0,LowCon,0,19240566,b827eb5e5925,10849,['2023-06']
908,2023-06-28 20:14:55,908,0,0,LowCon,0,19240566,b827eb5e5925,10849,['2023-06']
909,2023-06-28 20:25:54,909,0,0.265625,LowCon,0,19240566,b827eb5e5925,10849,['2023-06']
910,2023-06-28 20:50:30,910,0,0,LowCon,0,19240566,b827eb5e5925,10849,['2023-06']
911,2023-06-28 21:11:01,911,0,0,LowCon,0,19240566,b827eb5e5925,10849,['2023-06']
912,2023-06-28 22:24:59,912,0,0.265625,LowCon,0,19240566,b827eb5e5925,10849,['2023-06']
913,2023-06-28 22:49:21,913,0,0.2578125,LowCon,0,19240566,b827eb5e5925,10849,['2023-06']
914,2023-06-29 01:01:16,914,0,0,LowCon,0,19240566,b827eb5e5925,10849,['2023-06']
915,2023-06-29 01:55:14,915,0,0,LowCon,0,19240566,b827eb5e5925,10849,['2023-06']
916,2023-06-29 02:19:46,916,0,0.265625,LowCon,0,19240566,b827eb5e5925,10849,['2023-06']
917,2023-06-29 02:43:58,917,0,0,LowCon,0,19240566,b827eb5e5925,10849,['2023-06']
918,2023-06-29 02:51:35,918,0,0,LowCon,0,19240566,b827eb5e5925,10849,['2023-06']
919,2023-06-29 03:03:48,919,0,0,LowCon,0,19240566,b827eb5e5925,10849,['2023-06']
920,2023-06-29 03:17:08,920,0,0,LowCon,0,19240566,b827eb5e5925,10849,['2023-06']
921,2023-06-29 03:37:34,921,0,0,LowCon,0,19240566,b827eb5e5925,10849,['2023-06']
922,2023-06-29 03:44:01,922,0,0.53125,LowCon,0,19240566,b827eb5e5925,10849,['2023-06']
923,2023-06-29 04:06:26,923,0,0,LowCon,0,19240566,b827eb5e5925,10849,['2023-06']
924,2023-06-29 04:09:25,924,0,0.265625,LowCon,0,19240566,b827eb5e5925,10849,['2023-06']
925,2023-06-29 04:44:51,925,0,0,LowCon,0,19240566,b827eb5e5925,10849,['2023-06']
926,2023-06-29 04:51:38,926,0,0,LowCon,0,19240566,b827eb5e5925,10849,['2023-06']
927,2023-06-29 05:04:15,927,0,0,LowCon,0,19240566,b827eb5e5925,10849,['2023-06']
928,2023-06-29 05:35:44,928,0,0,LowCon,0,19240566,b827eb5e5925,10849,['2023-06']
929,2023-06-29 05:56:58,929,0,0.265625,LowCon,0,19240566,b827eb5e5925,10849,['2023-06']
930,2023-06-29 06:27:06,930,0,0,LowCon,0,19240566,b827eb5e5925,10849,['2023-06']
931,2023-06-29 06:31:50,931,0,0,LowCon,0,19240566,b827eb5e5925,10849,['2023-06']
932,2023-06-29 06:36:56,932,0,0,LowCon,0,19240566,b827eb5e5925,10849,['2023-06']
933,2023-06-29 06:46:01,933,0,0,LowCon,0,19240566,b827eb5e5925,10849,['2023-06']
934,2023-06-29 07:28:09,934,6.163560989,0.2578125,LowCon,0.041828498,19240566,b827eb5e5925,10849,['2023-06']
935,2023-06-29 08:02:27,935,14.36385369,0.53125,LowCon,0.0369852,19240566,b827eb5e5925,10849,['2023-06']
936,2023-06-29 10:39:10,936,0,0,LowCon,0,19240566,b827eb5e5925,10849,['2023-06']
937,2023-06-29 11:10:44,937,0,0,LowCon,0,19240566,b827eb5e5925,10849,['2023-06']
938,2023-06-29 11:31:43,938,0,0,LowCon,0,19240566,b827eb5e5925,10849,['2023-06']
939,2023-06-29 11:39:49,939,0,0,LowCon,0,19240566,b827eb5e5925,10849,['2023-06']
940,2023-06-29 11:47:08,940,0,0.265625,LowCon,0,19240566,b827eb5e5925,10849,['2023-06']
941,2023-06-29 12:10:08,941,0,0,LowCon,0,19240566,b827eb5e5925,10849,['2023-06']
942,2023-06-29 12:25:40,942,0,0,LowCon,0,19240566,b827eb5e5925,10849,['2023-06']
943,2023-06-29 12:37:04,943,0,0.265625,LowCon,0,19240566,b827eb5e5925,10849,['2023-06']
944,2023-06-29 12:48:02,944,0.077166348,0.2578125,LowCon,3.340996504,19240566,b827eb5e5925,10849,['2023-06']
945,2023-06-29 13:19:59,945,0,0.265625,LowCon,0,19240566,b827eb5e5925,10849,['2023-06']
946,2023-06-29 13:39:35,946,0,0,LowCon,0,19240566,b827eb5e5925,10849,['2023-06']
947,2023-06-29 13:49:59,947,0,0,LowCon,0,19240566,b827eb5e5925,10849,['2023-06']
948,2023-06-29 14:04:26,948,0,0,LowCon,0,19240566,b827eb5e5925,10849,['2023-06']
949,2023-06-29 14:25:04,949,0,0.265625,LowCon,0,19240566,b827eb5e5925,10849,['2023-06']
950,2023-06-29 15:34:06,950,0,0,LowCon,0,19240566,b827eb5e5925,10849,['2023-06']
951,2023-06-29 15:42:19,951,0,0,LowCon,0,19240566,b827eb5e5925,10849,['2023-06']
952,2023-06-29 15:58:20,952,0,0,LowCon,0,19240566,b827eb5e5925,10849,['2023-06']
953,2023-06-29 16:51:33,953,0,0.265625,LowCon,0,19240566,b827eb5e5925,10849,['2023-06']
954,2023-06-29 17:17:08,954,0,0,LowCon,0,19240566,b827eb5e5925,10849,['2023-06']
955,2023-06-29 17:19:01,955,0,0,LowCon,0,19240566,b827eb5e5925,10849,['2023-06']
956,2023-06-29 17:29:40,956,0,0,LowCon,0,19240566,b827eb5e5925,10849,['2023-06']
957,2023-06-29 17:40:11,957,0,0,LowCon,0,19240566,b827eb5e5925,10849,['2023-06']
958,2023-06-29 17:49:43,958,0,0,LowCon,0,19240566,b827eb5e5925,10849,['2023-06']
959,2023-06-29 17:58:04,959,0,0,LowCon,0,19240566,b827eb5e5925,10849,['2023-06']
960,2023-06-29 18:10:02,960,0,0,LowCon,0,19240566,b827eb5e5925,10849,['2023-06']
961,2023-06-29 18:16:13,961,0,0,LowCon,0,19240566,b827eb5e5925,10849,['2023-06']
962,2023-06-29 18:25:45,962,6.629470882,0.265625,LowCon,0.0400673,19240566,b827eb5e5925,10849,['2023-06']
963,2023-06-29 18:32:09,963,0,0.2578125,LowCon,0,19240566,b827eb5e5925,10849,['2023-06']
964,2023-06-29 19:01:12,964,0,0,LowCon,0,19240566,b827eb5e5925,10849,['2023-06']
965,2023-06-29 19:10:42,965,0,0.265625,LowCon,0,19240566,b827eb5e5925,10849,['2023-06']
966,2023-06-29 20:56:55,966,0,0,LowCon,0,19240566,b827eb5e5925,10849,['2023-06']
967,2023-06-29 21:32:15,967,0.160021717,0.53125,LowCon,3.319861889,19240566,b827eb5e5925,10849,['2023-06']
968,2023-06-29 22:54:09,968,0,0,LowCon,0,19240566,b827eb5e5925,10849,['2023-06']
969,2023-06-29 23:00:34,969,0,0,LowCon,0,19240566,b827eb5e5925,10849,['2023-06']
970,2023-06-29 23:07:46,970,0,0.53125,LowCon,0,19240566,b827eb5e5925,10849,['2023-06']
971,2023-06-30 02:35:06,971,0,0,LowCon,0,19240566,b827eb5e5925,10849,['2023-06']
972,2023-06-30 03:23:05,972,0,0.2578125,LowCon,0,19240566,b827eb5e5925,10849,['2023-06']
973,2023-06-30 03:37:51,973,0,0,LowCon,0,19240566,b827eb5e5925,10849,['2023-06']
974,2023-06-30 04:38:55,974,0,0,LowCon,0,19240566,b827eb5e5925,10849,['2023-06']
975,2023-06-30 04:55:27,975,0,0.265625,LowCon,0,19240566,b827eb5e5925,10849,['2023-06']
976,2023-06-30 05:19:41,976,0,0,LowCon,0,19240566,b827eb5e5925,10849,['2023-06']
977,2023-06-30 06:04:03,977,0,0.53125,LowCon,0,19240566,b827eb5e5925,10849,['2023-06']
978,2023-06-30 06:37:13,978,0,0,LowCon,0,19240566,b827eb5e5925,10849,['2023-06']
979,2023-06-30 07:16:26,979,0,0.265625,LowCon,0,19240566,b827eb5e5925,10849,['2023-06']
980,2023-06-30 07:45:49,980,0,0,LowCon,0,19240566,b827eb5e5925,10849,['2023-06']
981,2023-06-30 08:19:35,981,0,0,LowCon,0,19240566,b827eb5e5925,10849,['2023-06']
982,2023-06-30 08:34:33,982,0,0,LowCon,0,19240566,b827eb5e5925,10849,['2023-06']
983,2023-06-30 08:54:53,983,0,0.2578125,LowCon,0,19240566,b827eb5e5925,10849,['2023-06']
984,2023-06-30 09:14:04,984,0,0,LowCon,0,19240566,b827eb5e5925,10849,['2023-06']
985,2023-06-30 09:30:38,985,0,0,LowCon,0,19240566,b827eb5e5925,10849,['2023-06']
986,2023-06-30 09:59:26,986,0,0,LowCon,0,19240566,b827eb5e5925,10849,['2023-06']
987,2023-06-30 10:22:19,987,0,0,LowCon,0,19240566,b827eb5e5925,10849,['2023-06']
988,2023-06-30 10:39:07,988,6.93427446,0.265625,LowCon,0.038306098,19240566,b827eb5e5925,10849,['2023-06']
989,2023-06-30 10:43:16,989,0,0,LowCon,0,19240566,b827eb5e5925,10849,['2023-06']
990,2023-06-30 11:00:32,990,0,0,LowCon,0,19240566,b827eb5e5925,10849,['2023-06']
991,2023-06-30 11:08:02,991,0,0,LowCon,0,19240566,b827eb5e5925,10849,['2023-06']
992,2023-06-30 11:15:46,992,0,0,LowCon,0,19240566,b827eb5e5925,10849,['2023-06']
993,2023-06-30 11:28:03,993,0,0,LowCon,0,19240566,b827eb5e5925,10849,['2023-06']
994,2023-06-30 11:36:23,994,0,0,LowCon,0,19240566,b827eb5e5925,10849,['2023-06']
995,2023-06-30 11:57:23,995,0,0.265625,LowCon,0,19240566,b827eb5e5925,10849,['2023-06']
996,2023-06-30 12:17:40,996,0,0,LowCon,0,19240566,b827eb5e5925,10849,['2023-06']
997,2023-06-30 13:19:59,997,0,0,LowCon,0,19240566,b827eb5e5925,10849,['2023-06']
998,2023-06-30 13:25:24,998,0,0,LowCon,0,19240566,b827eb5e5925,10849,['2023-06']
999,2023-06-30 13:43:26,999,0,0,LowCon,0,19240566,b827eb5e5925,10849,['2023-06']
1000,2023-06-30 13:49:39,1000,0,0.265625,LowCon,0,19240566,b827eb5e5925,10849,['2023-06']
1001,2023-06-30 14:07:05,1001,0,0,LowCon,0,19240566,b827eb5e5925,10849,['2023-06']
1002,2023-06-30 14:08:00,1002,0,0,LowCon,0,19240566,b827eb5e5925,10849,['2023-06']
1003,2023-06-30 14:13:53,1003,0,0,LowCon,0,19240566,b827eb5e5925,10849,['2023-06']
1004,2023-06-30 14:26:52,1004,0,0,LowCon,0,19240566,b827eb5e5925,10849,['2023-06']
1005,2023-06-30 14:35:12,1005,0,0,LowCon,0,19240566,b827eb5e5925,10849,['2023-06']
1006,2023-06-30 14:41:32,1006,0,0,LowCon,0,19240566,b827eb5e5925,10849,['2023-06']
1007,2023-06-30 15:07:56,1007,0.079327004,0.53125,LowCon,6.696962833,19240566,b827eb5e5925,10849,['2023-06']
1008,2023-06-30 15:38:33,1008,0,0,LowCon,0,19240566,b827eb5e5925,10849,['2023-06']
1009,2023-06-30 15:44:36,1009,0,0.2578125,LowCon,0,19240566,b827eb5e5925,10849,['2023-06']
1010,2023-06-30 15:54:20,1010,0,0,LowCon,0,19240566,b827eb5e5925,10849,['2023-06']
1011,2023-06-30 17:08:33,1011,0,0.265625,LowCon,0,19240566,b827eb5e5925,10849,['2023-06']
1012,2023-06-30 17:42:43,1012,0,0,LowCon,0,19240566,b827eb5e5925,10849,['2023-06']
1013,2023-06-30 17:59:09,1013,0,0,LowCon,0,19240566,b827eb5e5925,10849,['2023-06']
1014,2023-06-30 18:25:35,1014,0,0.265625,LowCon,0,19240566,b827eb5e5925,10849,['2023-06']
1015,2023-06-30 18:53:55,1015,0,0,LowCon,0,19240566,b827eb5e5925,10849,['2023-06']
1016,2023-06-30 19:20:05,1016,0,0,LowCon,0,19240566,b827eb5e5925,10849,['2023-06']
1017,2023-06-30 19:27:45,1017,0,0,LowCon,0,19240566,b827eb5e5925,10849,['2023-06']
1018,2023-06-30 19:32:55,1018,0,0,LowCon,0,19240566,b827eb5e5925,10849,['2023-06']
1019,2023-06-30 19:39:17,1019,0,0,LowCon,0,19240566,b827eb5e5925,10849,['2023-06']
1020,2023-06-30 19:45:58,1020,0,0.265625,LowCon,0,19240566,b827eb5e5925,10849,['2023-06']
1021,2023-06-30 19:52:42,1021,0,0,LowCon,0,19240566,b827eb5e5925,10849,['2023-06']
1022,2023-06-30 20:02:02,1022,0,0,LowCon,0,19240566,b827eb5e5925,10849,['2023-06']
1023,2023-06-30 20:12:58,1023,0,0,LowCon,0,19240566,b827eb5e5925,10849,['2023-06']
1024,2023-06-30 20:34:04,1024,0,0,LowCon,0,19240566,b827eb5e5925,10849,['2023-06']
1025,2023-06-30 20:44:35,1025,0,0.265625,LowCon,0,19240566,b827eb5e5925,10849,['2023-06']
1026,2023-06-30 22:13:29,1026,0,0,LowCon,0,19240566,b827eb5e5925,10849,['2023-06']
1027,2023-06-30 22:27:56,1027,0,0,LowCon,0,19240566,b827eb5e5925,10849,['2023-06']
1028,2023-06-30 22:33:32,1028,0,0,LowCon,0,19240566,b827eb5e5925,10849,['2023-06']
1029,2023-06-30 22:43:50,1029,0,0,LowCon,0,19240566,b827eb5e5925,10849,['2023-06']
1030,2023-06-30 23:42:39,1030,0,0,LowCon,0,19240566,b827eb5e5925,10849,['2023-06']
1031,2023-06-30 23:52:59,1031,0,0,LowCon,0,19240566,b827eb5e5925,10849,['2023-06']
